ID_Unique,Arthaud,Asselineau,Cheminade,DupontAignan,Fillon,Hamon,Lasalle,LePen,Macron,Melenchon,Poutou,Groupe,Nom_Departement,Localisation_PowerBI
1-1,0.6179688703960549,0.9585452303898906,0.18338727076591155,6.327631376175065,20.742795500077055,5.720449992294652,1.1280628756356912,25.42764678687009,22.196024040684232,15.751271382339343,0.9462166743720142,0,Ain,"Ain, France"
1-2,0.5109957729145487,1.054095992294933,0.17256139975386592,6.028947509230028,21.020386323505804,4.849109101610573,0.7999357911070683,25.842741719728185,23.269035261383703,15.665632190058323,0.7865589384129701,0,Ain,"Ain, France"
1-3,0.4734881453887129,1.41350137520454,0.18452111548236605,5.185739651150645,24.17574765867075,5.636597848414163,1.0688298576054034,18.626188072276573,25.32813424781534,16.876719005674897,1.0305330223166103,0,Ain,"Ain, France"
1-4,0.581436175442046,0.8005280676375995,0.1910031880679185,6.766568824347289,22.118450065306234,4.664129320393803,0.9817002092608458,27.285367189584708,22.038397258542478,13.677794474951899,0.8946252264651771,2,Ain,"Ain, France"
1-5,0.6486505286588758,1.4259877573734001,0.1825959933222037,5.874373956594324,19.11867000556483,4.89531163049527,1.429465776293823,26.968558708959378,20.262938230383973,18.033528102392875,1.159919309961046,2,Ain,"Ain, France"
2-1,1.0789898667234556,0.7471294965305506,0.17214147544765657,5.073736889740723,15.547747076256899,4.583932279188628,0.8269889439031749,35.80365223872651,18.58063142203056,16.47234201139328,1.1127083000585636,2,Aisne,"Aisne, France"
2-2,0.8546552949538023,0.609452736318408,0.16346837242359633,4.927149964463397,17.455579246624023,4.260838663823739,0.7089552238805971,32.61549395877754,19.402985074626866,17.91044776119403,1.0909737029140014,2,Aisne,"Aisne, France"
2-3,1.0386182360704654,0.6771102312503586,0.18936133585815115,5.020944511390371,16.54712036877642,4.032057535242249,0.8473441594460703,39.978194755264816,15.257933092327997,15.277060499990435,1.1342552743826628,2,Aisne,"Aisne, France"
2-4,0.9006416225092689,0.8515464964702297,0.18452995649156073,4.894276185478001,15.21948907210212,4.245881934686553,0.7296551490629603,35.50762667388986,18.192283600534967,18.207520018960878,1.0665492898136077,2,Aisne,"Aisne, France"
2-5,0.9335889403220025,0.857218559561104,0.21664250868907903,5.459702934804632,16.743816337027166,4.103739031498885,0.8182540795810539,34.856065210953695,18.02808559716962,16.904349994544972,1.078536805847789,2,Aisne,"Aisne, France"
3-1,0.8611940731290051,0.6857656508249486,0.19427610403920317,5.110621393568591,18.73604546640763,5.725345782468756,1.3106387914286544,22.208368370690405,23.597297532403513,20.359845738974105,1.210601096065184,0,Allier,"Allier, France"
3-2,0.8649198677181379,0.7806537776647163,0.18125158992622742,4.828605952683795,17.315886542864412,5.704655303993895,1.5867463749682016,21.732701602645637,23.359196133299413,22.38139150343424,1.2639913508013227,0,Allier,"Allier, France"
3-3,0.6634758210925895,0.7559003135830995,0.17329592341970623,5.335864003961049,20.866479617098534,5.086647961709853,1.789074104637729,23.13418055784783,24.23337184353854,16.819607195906915,1.142102657204159,0,Allier,"Allier, France"
4-1,0.5735430157261795,0.9394593483400144,0.21790523178127247,4.909034844279988,17.15695343817453,5.011820330969267,1.8480830506732449,26.34392023846233,19.662863603659165,22.072155411655874,1.2642614862781376,2,Alpes-de-Haute-Provence,"Alpes-de-Haute-Provence, France"
4-2,0.4738686874620611,0.9301141592747068,0.19385537214357046,4.8424680334449475,19.76933168849987,4.9834537586402705,1.6095870293132821,22.808357320487968,20.3548140750749,22.931719830033874,1.102430045624547,0,Alpes-de-Haute-Provence,"Alpes-de-Haute-Provence, France"
5-1,0.5130003946156881,1.0194238610952777,0.14469241899416846,5.590388915683781,18.097513921164555,5.941158416275705,1.6815012934625333,22.585171219362476,22.370324900249923,20.888323760249047,1.1685008988468453,0,Hautes-Alpes,"Hautes-Alpes, France"
5-2,0.4284365696027885,0.7697334979304334,0.2396340135066444,5.78026287125118,20.308377508290366,5.806888872751919,2.0380993876019655,19.780698569457556,21.165250647495945,22.433616537167477,1.2490015249437223,0,Hautes-Alpes,"Hautes-Alpes, France"
6-1,0.31416062297383107,1.0627987032518966,0.12365896861735903,3.2619230640687142,26.854048995688647,4.513552354533605,0.820493967447612,23.635573677350354,21.023695732094517,17.810233615186657,0.5798602987868053,0,Alpes-Maritimes,"Alpes-Maritimes, France"
6-2,0.3739849512031588,1.0325560604931834,0.23094688221709006,4.824554868509275,23.140877598152425,3.7979587275571784,1.1845340087908813,29.793637785889892,18.472770617596662,16.386798778216495,0.7613797213737614,2,Alpes-Maritimes,"Alpes-Maritimes, France"
6-3,0.32487370162287826,1.089370072873046,0.14455389475880365,3.85675752201839,24.63824270151856,4.1309628481588,0.8524209051756255,26.87063171542256,19.75172496013591,17.72648018717494,0.6139814911404856,2,Alpes-Maritimes,"Alpes-Maritimes, France"
6-4,0.35947216745032606,1.0784165023509782,0.15774306082208403,4.457758228424087,25.11906567571667,3.0289701198240557,1.1072349461550128,33.02290307902321,16.053389959047472,14.894585166085243,0.7204610951008645,2,Alpes-Maritimes,"Alpes-Maritimes, France"
6-5,0.2702305771772654,1.0104273755323836,0.12042884417682478,4.270818034953738,24.827434278161256,3.4557203700983994,1.0265824643853723,30.547804376560432,18.356586870318694,15.554413276545748,0.559553532089881,2,Alpes-Maritimes,"Alpes-Maritimes, France"
6-6,0.22369551474283123,0.9985249063882901,0.16209819908900813,4.843494188779562,28.94749639331507,3.0182684670373314,0.776450373636349,29.642897667406913,18.688301372971747,12.173574751584509,0.5251981650483863,2,Alpes-Maritimes,"Alpes-Maritimes, France"
6-7,0.24845901105167403,1.0522171233062698,0.1778586363266082,4.45596980476281,31.030222391180384,3.954978684117631,0.8377006001031851,22.445488364515164,21.810084991989573,13.382844108941807,0.6041762837048904,0,Alpes-Maritimes,"Alpes-Maritimes, France"
6-8,0.2583150159641889,0.9851268310683973,0.17007075585219888,3.850658623068654,33.11726859948337,2.8462784988849137,0.6465897604569448,26.765286312513037,17.68896304972163,13.129141463571164,0.542301089415502,2,Alpes-Maritimes,"Alpes-Maritimes, France"
6-9,0.27179157285300737,0.9697651978128016,0.14474107430041816,4.631714377613381,29.080090061112895,3.4512705049855255,0.7655194596333227,27.174332582824057,19.329366355741396,13.555805725313604,0.6256030878095851,2,Alpes-Maritimes,"Alpes-Maritimes, France"
7-1,0.6631299734748011,1.154337361233913,0.18338409143006845,4.709041490650686,15.057143792775976,6.2268723188263415,1.8567639257294428,25.27098274224711,21.20542292956086,22.371221796509154,1.3016995775616464,2,Ardèche,"Ardèche, France"
7-2,0.6959505833905285,0.911461908030199,0.17433081674673986,6.186684969114619,18.963623884694577,5.846259437199725,1.5593685655456417,22.986959505833905,23.070693205216198,18.377487989018533,1.2271791352093342,0,Ardèche,"Ardèche, France"
7-3,0.6344106957424714,0.9735202492211837,0.2141744548286604,4.126103322949117,17.562305295950157,5.99526220145379,2.0703530633437177,21.295755451713397,20.382268951194185,25.264473001038425,1.4813733125649013,0,Ardèche,"Ardèche, France"
8-1,0.8764474662700521,0.7914586210559864,0.19122490173164772,5.727894047239633,18.647969120719573,4.686780693367329,0.9207124898190446,32.27451397004143,18.79669959984419,16.013314919083538,1.072984170827579,2,Ardennes,"Ardennes, France"
8-2,0.9017499518067127,0.7368218133527534,0.20348276822241737,4.692955212371752,14.106710647503586,5.566860153790134,0.8567695504101784,32.29592820271168,18.07569558977874,21.352839120097673,1.2101869899543771,2,Ardennes,"Ardennes, France"
8-3,1.0587102983638113,0.6622668316604794,0.14666116687290892,5.463128466015857,18.68784087263394,4.555662495989734,1.1137082359411523,32.705440212658694,18.00494981438196,16.405426463174297,1.1962051423071633,2,Ardennes,"Ardennes, France"
9-1,0.617228931770578,0.8467400508044031,0.14038058737020367,3.3758188867596592,11.687240964392352,8.431748295378581,3.493916841213958,20.303935112972948,21.77013235883952,27.955791256294845,1.3770667142029502,1,Ariège,"Ariège, France"
9-2,0.5761129924836872,0.8652019492855373,0.1589989262410176,3.8283637565045012,13.725530684727843,7.313950607086809,3.5847030643429423,22.992896671347154,20.13917568348889,25.65457999504419,1.1604856694474273,0,Ariège,"Ariège, France"
10-1,0.7699037620297462,0.7757363662875474,0.2041411490230388,6.938854865364051,23.793136968989987,3.5267813745504037,0.750461747837076,33.234179060950716,17.130358705161854,11.962671332750073,0.913774667055507,2,Aube,"Aube, France"
10-2,0.6722172933870197,0.7438749744079711,0.16037671466593872,6.290520712482086,23.548078891694534,4.079369412407016,0.692690916535863,29.551968880092815,20.0283218453559,13.422166109329147,0.8104142496417116,2,Aube,"Aube, France"
10-3,0.6213127927716038,0.94470904137512,0.17639795378373613,5.838772270241665,21.720468042570708,4.586346798377139,0.7193116559847906,28.28443190058995,19.6291723016013,16.612767291899413,0.8663099508045706,2,Aube,"Aube, France"
11-1,0.5849271825344192,0.6844045945300686,0.15518476271321324,3.781468021327957,14.194763509032548,6.585404674111999,2.0014855293524687,29.01026606891795,20.341141204870414,21.449982757248588,1.2109716953603735,2,Aude,"Aude, France"
11-2,0.5451759297459775,0.869334590676018,0.1591324335474745,3.8560146166087113,15.88230093711322,5.588790004125656,1.6929922791300762,29.825543702481287,19.284493428419875,21.211764012494843,1.0844580656568634,2,Aude,"Aude, France"
11-3,0.5400919844160958,0.9521934204419191,0.1729982137582807,3.9339512510724486,15.190087061702695,6.829913219595213,2.7904752528164956,25.97926834413986,20.522088918268892,21.882164306108383,1.2067680276797141,2,Aude,"Aude, France"
12-1,0.549757882792898,0.6903936202515462,0.19177600562542949,5.0852604158343055,24.131814041199878,5.946654307768527,3.415211033512857,14.869032969491633,26.84224825403928,17.155961836574882,1.1218896329087626,0,Aveyron,"Aveyron, France"
12-2,0.6827956989247312,0.8315412186379928,0.15949820788530467,4.612903225806451,17.939068100358423,6.555555555555556,3.4587813620071683,15.81899641577061,26.586021505376344,22.053763440860216,1.3010752688172043,1,Aveyron,"Aveyron, France"
12-3,0.6558788087450508,0.7023584093647788,0.17903253572043382,4.816663797555517,19.88982613186435,6.023411946978826,4.121191254949217,18.001377173351695,24.01962472026166,20.051644000688587,1.5389912205198828,0,Aveyron,"Aveyron, France"
13-1,0.31168308867886585,0.864669213754273,0.1357329579730545,3.927877203565923,21.294992961994772,3.9831758160734636,0.8143977478383269,29.630002010858636,18.93055834841477,19.453381593940613,0.6535290569072995,2,Bouches-du-Rhône,"Bouches-du-Rhône, France"
13-2,0.23167886734775964,0.802831630600917,0.13997264902260476,2.9925187032418954,32.41251709436087,4.810554259512509,0.7851339393451855,17.654251468103936,23.65215992277371,15.976188560855926,0.5421929048346875,0,Bouches-du-Rhône,"Bouches-du-Rhône, France"
13-3,0.32489610880241787,1.146581035134114,0.14922553834529656,3.25840574234983,15.961465810351342,4.170759350207782,0.7366830374008312,31.006800151114472,18.237627502833394,24.363430298451078,0.6441254250094447,2,Bouches-du-Rhône,"Bouches-du-Rhône, France"
13-4,0.4748965753592323,1.2484394506866416,0.19338571883185235,1.645002570316516,10.839391936549902,8.675430222026389,0.6609385327164574,14.361949523879463,21.80607573866001,39.09084232944114,1.0036474015323982,1,Bouches-du-Rhône,"Bouches-du-Rhône, France"
13-5,0.373377245050358,0.8903611228123923,0.16275418373989967,2.988932715505687,20.21215486539272,6.963964308964883,0.8712135717841688,19.597518477386743,22.07712633554168,25.069888561253016,0.7927086125684525,0,Bouches-du-Rhône,"Bouches-du-Rhône, France"
13-6,0.3357899015605394,0.7829206652174681,0.13785059116695828,3.5823480550695437,23.022816040153405,4.462471060212431,0.7334358376190728,25.797501016206283,20.613965325274375,19.892900694554903,0.6380008129650249,2,Bouches-du-Rhône,"Bouches-du-Rhône, France"
13-7,0.5954095841736291,1.2940555075386537,0.2232785940651109,2.0095073465859983,7.685105157015269,5.128205128205128,0.5521943724190915,26.082781138960915,16.96917314894843,38.63439930855661,0.825890713531163,1,Bouches-du-Rhône,"Bouches-du-Rhône, France"
13-8,0.4344048653344918,0.9952982061634384,0.17759493023968925,5.0365411151428425,19.719425563448663,4.073184443195175,1.1090100679715849,29.901109010067973,19.115091736086267,18.620636786426125,0.8177032759237491,2,Bouches-du-Rhône,"Bouches-du-Rhône, France"
13-9,0.362930897957029,0.873673652536557,0.1676080874201552,4.138731985429974,22.115029298421582,3.7639233489943518,1.0188460117193687,28.0261838146017,17.902391384680357,20.881064245367682,0.7496172728712452,2,Bouches-du-Rhône,"Bouches-du-Rhône, France"
13-10,0.3560636229473635,0.7660052941038675,0.15694909695706155,4.413314905479163,19.31996533064724,3.9225561620089486,1.0260254398088502,30.96348005340954,19.177071376701257,19.20518166272342,0.6933870552132868,2,Bouches-du-Rhône,"Bouches-du-Rhône, France"
13-11,0.29464771004376805,0.7809594644849386,0.15876648453814687,3.8876333781502987,24.362788568813112,4.415424664587922,0.895385759647567,23.001115656377834,22.742226163572386,18.793088651772177,0.6679634980118431,0,Bouches-du-Rhône,"Bouches-du-Rhône, France"
13-12,0.3940831233902408,0.8416489563834428,0.15341093017691515,4.420768180602665,16.589492055002744,3.3834851022504964,0.9598738934005152,37.29293043025432,16.09970303021773,19.122883562511436,0.741720735809489,2,Bouches-du-Rhône,"Bouches-du-Rhône, France"
13-13,0.6262845081375326,0.9887241015386324,0.1596956062878409,3.9896128423040604,11.724434816419485,3.7618730211631397,1.0303838249180692,32.11964672554574,14.74476476142865,29.88390823751597,0.9706715547408765,2,Bouches-du-Rhône,"Bouches-du-Rhône, France"
13-14,0.294071924551767,0.9016478391543166,0.17747953155767437,3.7231837496113585,24.51031194942481,5.433205513524718,0.904238781220852,18.985127992538086,24.75774691677894,19.599181262306974,0.7138045393305006,0,Bouches-du-Rhône,"Bouches-du-Rhône, France"
13-15,0.4456857618255289,0.7618255288804374,0.1901592583788923,4.920370810553839,22.35440931780366,3.809127644402187,1.3501307344901354,30.42191585452817,17.93677204658902,17.000237699072972,0.8093653434751604,2,Bouches-du-Rhône,"Bouches-du-Rhône, France"
13-16,0.4678914835164835,0.7884043040293041,0.18028846153846154,4.04790521978022,16.128663003663004,4.520089285714286,1.2963598901098903,32.522035256410255,16.35473901098901,22.714915293040296,0.9787087912087912,2,Bouches-du-Rhône,"Bouches-du-Rhône, France"
14-1,0.608415832879073,0.6365506690815734,0.14419103553781498,3.829854578065378,20.192020257082067,9.393518437109849,0.5574214422620408,12.592097627881623,29.274297068701756,21.597003639944433,1.1746294114543951,1,Calvados,"Calvados, France"
14-2,0.8207676813313003,0.7021705163682912,0.17130701605767965,4.024773630014495,14.31448956156699,8.970087159503775,0.6419306865458105,17.298243632461737,26.578942414487678,25.05035673274223,1.426930968920013,1,Calvados,"Calvados, France"
14-3,0.9659502535619415,0.7711502857602833,0.16421154310553007,5.62505030990904,19.727924011913387,5.525235450374306,0.8355469693310795,26.619979071077836,20.45560653626338,17.865249939628107,1.4440956290751028,2,Calvados,"Calvados, France"
14-4,0.6782897673726502,0.7105302316353356,0.1686424284509697,4.832349585834036,25.96225385645553,5.2117950498487176,0.752690838748078,20.774019145875698,23.447497643966074,16.31491493477506,1.1470165170378455,0,Calvados,"Calvados, France"
14-5,0.6416333484467527,0.6375115068079085,0.16899550719261366,5.2759572977206215,22.016130140280012,6.450682164791228,0.7501751782696509,20.63806108569309,25.73540524573046,16.520341288487696,1.1651072365799706,0,Calvados,"Calvados, France"
14-6,0.9239059009068209,0.7609409909317912,0.20633460375870677,5.956104612958338,18.4492048889473,6.381916151925352,0.7635694572217111,22.487843343409118,24.453936128269156,18.074648442633723,1.5415954790379813,0,Calvados,"Calvados, France"
15-1,0.7075853145722141,0.6287400938055959,0.18599385411612487,4.30818372958111,21.55911369885169,5.810286268801552,2.6645641274462237,17.261038330907326,28.87958919618308,16.781901989325572,1.21300339640951,0,Cantal,"Cantal, France"
15-2,0.8123129542539546,0.5130397605814451,0.2517695121371906,4.550852691083559,25.948886038667997,4.598356372618878,3.615030164837775,19.246116574034488,24.207876110398555,14.880528240938673,1.3752315804474846,0,Cantal,"Cantal, France"
16-1,0.6700827749310209,0.8971225857311785,0.20654316121403232,4.167126527394561,16.105636578636183,7.722506897910919,1.3054789121009067,17.948758376034686,27.47654710287741,22.306661411115492,1.1935356720536066,1,Charente,"Charente, France"
16-2,0.8119414043807789,0.7301298180078107,0.24080391460722722,5.421175308337064,19.205655804763598,5.5616442585246135,1.588379667505364,22.92268033280336,23.9476405847213,18.24552737600914,1.3244215303397497,0,Charente,"Charente, France"
16-3,0.9886307464162136,0.703340159593249,0.230209730951204,5.441706094202387,15.658498693595085,5.7453569663159385,1.7343407951415861,23.111362191935598,23.93616270037427,20.884118353223645,1.5662735682508298,0,Charente,"Charente, France"
17-1,0.4749579071696027,0.7840574975498202,0.16837132158922424,3.7029125725630134,22.15716332018194,7.481215289121203,1.0592315231322091,13.04626441836504,29.04782248134094,21.087879777850375,0.990123891136632,1,Charente-Maritime,"Charente-Maritime, France"
17-2,0.6875674085694676,0.7562015883910187,0.16790861849200903,5.435581919796059,17.797087949799,6.191783508187077,1.4020982449259731,20.075497597803707,24.95097558584175,21.10623590548093,1.429061672713011,0,Charente-Maritime,"Charente-Maritime, France"
17-3,0.8466380226087233,0.8577362738414218,0.20928130895945968,5.664864522061738,18.386631363657983,6.016837632584466,1.398379655320026,22.44542038590205,22.751415027032166,20.02600161717375,1.3967941908582118,0,Charente-Maritime,"Charente-Maritime, France"
17-4,0.7670482898244914,0.8083947589785997,0.1896234619826345,5.985257845136087,21.08242204764824,4.623675843681832,1.695205235318439,25.679008825332556,21.378976033305293,16.415973994496643,1.3744136642951852,2,Charente-Maritime,"Charente-Maritime, France"
17-5,0.6444254348445966,0.765326489877388,0.17792985457656116,5.908183632734531,22.94838893641289,4.538351867693184,1.3892215568862276,24.902195608782435,21.139435414884517,16.358140861134874,1.2284003421727971,0,Charente-Maritime,"Charente-Maritime, France"
18-1,0.8508389964836848,0.8654143968517136,0.20587753019840763,5.3455280849745845,22.099950808023756,5.489460163608869,1.082223477326143,21.824840126077213,23.06557108240567,17.93867400295152,1.2316213310984385,0,Cher,"Cher, France"
18-2,1.0378029327542135,0.8571483481636654,0.16720158361040108,5.067937654949743,16.470316914265947,5.1794053773566775,0.9801472142678685,24.40950934983568,21.995656602540695,22.61065093306171,1.2242230891933965,0,Cher,"Cher, France"
18-3,0.947297995924946,0.8484627315026002,0.22047866678831007,6.056320895295442,18.652495210291033,5.24435118450263,1.2483654167807074,25.96022260742633,21.243499680686067,18.372715384849315,1.2057902259526199,2,Cher,"Cher, France"
19-1,0.7512260062760654,0.7063969679268607,0.24995585018950459,4.798065559072446,16.256639452270658,6.511078206295083,3.2412753182182494,16.910056647603007,26.408378954804178,22.402293073234347,1.7646339641096003,1,Corrèze,"Corrèze, France"
19-2,0.6916666666666667,0.7972222222222223,0.2013888888888889,4.884722222222222,18.694444444444443,6.208333333333333,2.5930555555555554,17.78472222222222,27.469444444444445,19.258333333333333,1.4166666666666665,0,Corrèze,"Corrèze, France"
2A-1,0.2604395282825622,0.66134082462763,0.14924062856641207,2.92043426096626,23.7438913762327,3.9182980715769764,5.870131390278875,28.4552131799959,19.31641939542914,13.800368712141164,0.9042226319023791,2,Corse-du-Sud,"Corse-du-Sud, France"
2A-2,0.3333764052203127,0.6693371236593876,0.17056467243829954,3.1528621268897794,27.393720118878406,3.1192660550458715,5.018736270836025,28.773743377697375,16.59387517767153,13.87517767153379,0.8993410001292156,2,Corse-du-Sud,"Corse-du-Sud, France"
2B-1,0.33660589060308554,0.5992604870585235,0.1887033023077904,2.7616983297207702,25.105189340813467,4.02142037485656,4.885885502996302,28.489098559224786,18.133367333928344,14.621955884227974,0.8568149942623995,2,Haute-Corse,"Haute-Corse, France"
2B-2,0.34284633390868463,0.5792920814319155,0.1465963634644031,2.7451351287447094,25.758399735180763,3.9179060364599345,6.731610431986381,26.035041259782943,19.849620504575224,12.992693826401533,0.9008582980635094,2,Haute-Corse,"Haute-Corse, France"
21-1,0.46877555099296836,0.9066627904864001,0.15262459799771064,4.153569416937696,25.470138270617948,7.033450224394498,0.7322346784890165,13.966967676290496,28.19376056107709,18.155059323727674,0.7667569089884987,3,Côte-d'Or,"Côte-d'Or, France"
21-2,0.549420056606915,0.8324546312225983,0.17389052296649832,5.094622343082302,19.997410141147306,6.341454390735706,0.8139556394176517,21.904656196237305,24.50931424237379,18.80422516972825,0.9785966664816768,0,Côte-d'Or,"Côte-d'Or, France"
21-3,0.5978991749354851,0.917747973685167,0.18536691745720205,5.332024860974812,16.628502889543125,6.633227928615564,0.7505542834296515,23.241740268236832,24.192200050885035,20.619343583033476,0.9013920692036492,0,Côte-d'Or,"Côte-d'Or, France"
21-4,0.8841586706371088,0.8400426454909746,0.19484577772875997,5.880298518436822,20.955111944413808,5.020036028087203,1.2021616852321606,26.45123341053638,20.240064703503545,17.054520054409764,1.2775265615234734,2,Côte-d'Or,"Côte-d'Or, France"
21-5,0.6456262574697457,0.8197952013453049,0.18467913876460165,5.71604456322633,22.892705924747002,4.69955857181466,1.0885558992222455,26.264977027716885,21.5413951532987,15.131677727395573,1.014984534998949,2,Côte-d'Or,"Côte-d'Or, France"
22-1,0.6869020579530594,0.6552412416546218,0.17069309656548973,3.8103104136554475,16.700392318810657,9.320669006813958,0.737834675476633,14.312065524124165,30.933994080803913,21.321494941152178,1.3504026429898823,1,Côtes-d'Armor,"Côtes-d'Armor, France"
22-2,0.7787641298022756,0.6821924253116913,0.1720957297973232,4.460869888199681,21.567680669563817,7.650212333940002,0.891431118374624,17.325954264631232,26.96207703450581,18.235956864638663,1.2727655412348797,0,Côtes-d'Armor,"Côtes-d'Armor, France"
22-3,0.8588974025614782,0.6528173494509142,0.16597051257226633,5.109125612016265,19.22076844347321,7.071726923183315,0.9073054687283891,19.03681779203895,27.77239910375923,17.764377195651573,1.4397941965644103,0,Côtes-d'Armor,"Côtes-d'Armor, France"
22-4,1.051536143642633,0.6212916653723091,0.17706812463110808,4.089652387313224,14.15457736634463,9.252586126557112,1.1866670808611102,17.436550588673853,26.179677549625673,23.877791929421267,1.9726010375570813,1,Côtes-d'Armor,"Côtes-d'Armor, France"
22-5,0.7093117790529156,0.6833900861307161,0.14610408737967032,3.8411235875623007,19.26924391134781,9.708852258132932,1.0345111993496012,14.518504553970143,28.02488482520531,20.711432644837462,1.3526410670311413,1,Côtes-d'Armor,"Côtes-d'Armor, France"
23-1,0.9736516206175001,0.8256110233306289,0.24768330699918864,5.012028298529558,17.988356037636475,7.820529245135301,1.9245277647293275,19.8801440548889,22.50074732032284,21.1057493843504,1.7209719434598796,0,Creuse,"Creuse, France"
24-1,0.6122689273519369,0.846074918840726,0.17661603673613563,4.361575078636188,15.828161006543203,6.72318379842223,2.0251972212410223,20.151048762846713,22.870935728583202,25.008830801836808,1.396107718961834,0,Dordogne,"Dordogne, France"
24-2,0.5964091521695352,0.8473657304850277,0.20293402320573792,4.651991386922374,17.57470605548929,5.592303998264992,2.6799683980605082,23.81608910507645,21.97264263473425,20.70236859634719,1.3632209192446516,0,Dordogne,"Dordogne, France"
24-3,0.7949713440562026,0.7413569975965982,0.21445738583841745,4.849325198742836,17.84618228877796,6.088001479016454,2.431133296357922,21.5566648178961,21.49195784803106,22.42004067295249,1.565908670733962,0,Dordogne,"Dordogne, France"
24-4,0.6330010195989577,0.9587062422113969,0.19542313356746346,4.538631471621162,17.137759148068426,6.914863487028436,2.5504135040217513,18.451908915826444,23.421037725161437,23.752407386428004,1.4458479664665231,0,Dordogne,"Dordogne, France"
25-1,0.6393972384951699,0.9677363609656627,0.15898525930150173,4.524167487514473,18.606459640209447,7.226916895640002,0.7378989752363178,19.897350821711857,24.910570791642904,21.243541223840875,1.086975305441789,0,Doubs,"Doubs, France"
25-2,0.6168921008512785,0.9635887168969839,0.23275876100721066,4.360564480687533,21.083386233051744,6.925793902697072,0.8187248726337548,18.251216693523446,25.185149014437552,20.429057408402105,1.132867815811319,0,Doubs,"Doubs, France"
25-3,0.825917408259174,1.1218878112188782,0.15398460153984603,5.32946705329467,20.685931406859314,4.877512248775123,0.9339066093390661,28.26917308269173,20.18998100189981,16.244375562443754,1.3678632136786322,2,Doubs,"Doubs, France"
25-4,1.0219066202651326,1.3075576834101104,0.1709883124459375,5.14373076381485,15.915994447908913,5.521916678401158,0.862988071050673,31.483977389310212,19.450423447526706,17.865261209792603,1.255255376073706,2,Doubs,"Doubs, France"
25-5,0.5847235224604429,1.1755858745530166,0.20411608526834357,6.467257017449624,27.552602096410318,4.13910587946408,1.0835034300710569,21.67160330882917,21.94785064227505,13.743304838932458,1.4303473042864379,0,Doubs,"Doubs, France"
26-1,0.5778227777389847,1.108511975420711,0.14663780462258222,4.6993925005237065,20.120801619998606,6.881502688359752,0.9653655470986664,19.590112422316878,24.40122896445779,20.45248236854968,1.0561413309126457,0,Drôme,"Drôme, France"
26-2,0.5818100446147606,1.0195661599138472,0.1846128026181452,5.471252150319576,17.938210654396443,4.925805233493238,1.27970238178487,28.338065201885286,20.73397574859093,18.514426371659138,1.0125732507237661,2,Drôme,"Drôme, France"
26-3,0.6291795080537302,1.012967378031052,0.190730941443275,4.850846077804269,18.09269058556725,6.595336395883003,1.767750188986451,21.200209338838167,21.588649182997035,22.787695528289817,1.2839448741059487,0,Drôme,"Drôme, France"
26-4,1.227508077489827,1.0179665003852862,0.2068378148193211,5.707642184099174,18.242284138378555,5.745494856092252,1.1896554054967488,26.068324072947508,21.35701829095186,18.235524732665503,1.0017439266739667,2,Drôme,"Drôme, France"
27-1,0.7973105643649778,0.8999494243298723,0.16808972718888526,5.774551512807545,20.10234135602297,4.807663701544045,0.7973105643649778,29.21786213667331,19.874750840448634,16.508493737542025,1.0516764347127598,2,Eure,"Eure, France"
27-2,0.8369002747077238,0.7682233437679679,0.19964224110394171,5.49734875103814,19.172043697693734,5.114035648118572,0.7251006196895164,28.82035392576503,20.5328052130582,17.122915735002874,1.2106305500543026,2,Eure,"Eure, France"
27-3,0.8136215032766757,0.7692421485524934,0.17751741889672923,5.974940457699078,20.04763384073729,4.520776934570038,0.8180594387490939,30.191275018861223,18.952943090874125,16.516516516516518,1.2174736312667347,2,Eure,"Eure, France"
27-4,0.7111339587885018,0.9253309343272074,0.158505761898642,5.789030258892745,16.15759185480301,5.613388738951007,0.6968541604192549,28.232589355838293,20.49436661954333,19.976009938739665,1.2451984177983406,2,Eure,"Eure, France"
27-5,0.7574555265397989,0.970985846402447,0.1918887333900824,5.307959775504609,18.829623003563647,5.1622397599226675,0.8238230583890003,30.084690741729307,19.628918930617072,17.12715153438848,1.1152630895528848,2,Eure,"Eure, France"
28-1,0.6270215059864949,1.0639505192078533,0.17874368722691936,5.833286046643591,22.578448618282927,5.935425296487544,0.8327186063666799,20.129943823412585,25.12909266299722,16.705441752255577,0.9859274811326109,0,Eure-et-Loir,"Eure-et-Loir, France"
28-2,0.7183908045977011,1.136853448275862,0.19216954022988506,5.563936781609195,19.97485632183908,5.592672413793103,0.7327586206896551,26.45114942528736,19.841954022988507,18.780531609195403,1.014727011494253,2,Eure-et-Loir,"Eure-et-Loir, France"
28-3,0.845085780750218,0.7941988950276244,0.20354754289037513,6.162765338761267,21.643282931084617,5.119584181448095,0.845085780750218,26.07044198895028,21.710526315789476,15.42236115149753,1.1831200930503054,2,Eure-et-Loir,"Eure-et-Loir, France"
28-4,0.9517944124069202,0.8080921187690125,0.20342272735755745,6.535654965194185,23.00729709049512,4.109512345333409,0.8995390329022265,29.15663550006532,19.27850251012448,13.653584159154954,1.3959651381968161,2,Eure-et-Loir,"Eure-et-Loir, France"
29-1,0.5991882849777875,0.6759721384303187,0.14122744474304832,3.9996160807327374,18.53644490758515,10.763450885756596,0.9337465035923874,12.009817364120003,32.7181484122196,18.215598091372787,1.4067898864695882,1,Finistère,"Finistère, France"
29-2,0.46695342181459104,0.7096353077038946,0.1422617951764883,3.4444091114495636,16.23960233644078,13.434534469196139,0.6828566168471438,12.559206011816098,29.39798155617667,21.78279134378818,1.1397680295904533,1,Finistère,"Finistère, France"
29-3,0.6309972230623299,0.7272277363833823,0.13609744026834564,4.636936020455858,18.1243298232108,11.375821396167277,1.0310412141541336,14.50193835748261,28.888400098979954,18.708586511231477,1.2386241786038328,1,Finistère,"Finistère, France"
29-4,0.691106666268621,0.5702003164462489,0.18956921515359584,3.6555512433949313,18.919604740723052,10.926351613577335,1.118010568110577,12.571275039555783,29.035436009194854,20.875003731677463,1.447890855897543,1,Finistère,"Finistère, France"
29-5,0.5930119370869409,0.5225677544956197,0.15753880834059122,4.471284389569138,19.392643065730827,10.857369742302373,0.98749935959834,13.748142835186227,30.185972642041087,17.81469337568523,1.269276089963625,1,Finistère,"Finistère, France"
29-6,0.7351926949708957,0.7020883334712682,0.1489696267483241,4.267703936660322,17.441860465116278,10.51339347292339,1.4331429832547105,14.899721371624045,27.85594085354079,20.11917570139866,1.8828105602913183,1,Finistère,"Finistère, France"
29-7,0.7509734841461153,0.6242660238580876,0.1560665059645219,4.017553618888683,17.752951356696954,9.816737746461463,1.3566969528401014,13.874466901539032,29.725261140985225,20.345818653810497,1.5792076148093206,1,Finistère,"Finistère, France"
29-8,0.7455597455309594,0.7887388813725207,0.159762802613777,3.9652839747833846,16.708886266156192,9.869311148852875,1.3184029476956733,16.72040070238061,27.637525547655372,20.22366792365929,1.8624600592993465,1,Finistère,"Finistère, France"
30-1,0.4418940068125326,1.112406787982938,0.1472980022708442,3.9417559149354036,18.18056280111701,4.716604781047657,1.0679105164636205,28.776812839475863,19.075091294074323,21.718783563997913,0.8208794918218921,2,Gard,"Gard, France"
30-2,0.4111530527763355,0.8615971822684985,0.1543578013836072,4.550748635336711,18.01215216872711,4.0666264400881245,1.2881860151831948,33.53633722969845,17.46348034744538,18.838668032499335,0.8166930945932672,2,Gard,"Gard, France"
30-3,0.5186694186077679,1.0480606856622083,0.16886911303508725,4.728335164982443,18.80880263757472,4.827512263114161,1.4340472297424076,29.340338274318494,19.659849358029323,18.543436888519583,0.9220789664138097,2,Gard,"Gard, France"
30-4,0.5702840292653073,0.934709433332406,0.16134865218237962,4.325813002475868,15.154254875232981,4.597045650541074,1.594013408629371,30.77169165716193,18.03905750132139,22.81692491723927,1.034856872618021,2,Gard,"Gard, France"
30-5,0.585808362645791,0.9600380841554046,0.1613287138663352,3.7224617174896197,14.396604162809764,5.487821004469598,1.8023855491788106,26.521382666419825,18.56734812620666,26.542540530533444,1.2522810822247494,2,Gard,"Gard, France"
30-6,0.43628753119214364,0.9289221605087338,0.16582146019479999,4.094019158013362,19.101666264187394,5.544554455445545,1.2122675682202366,26.64090799323835,20.043467761410287,20.949851082669245,0.8822345649199067,2,Gard,"Gard, France"
31-1,0.3681155316437774,0.887252819859361,0.16989947614328188,3.058190570579074,16.37799487155285,9.671684993786084,1.5149369956109302,11.178756272908899,28.945836676262843,26.83939780074567,0.9879339909072317,1,Haute-Garonne,"Haute-Garonne, France"
31-2,0.41386118564268715,0.8631600263251151,0.16453196982736798,3.746266389915456,17.18473143320002,8.493646534703588,1.55039740798866,14.190249582341924,27.522401660507267,24.936718473143323,0.9340353364045968,1,Haute-Garonne,"Haute-Garonne, France"
31-3,0.3272054755544315,0.7445110095948659,0.16123168360653145,3.023884419012693,25.087333828620206,8.429887928172866,1.3609850939727801,10.081722333749585,29.190838246684475,20.847888971436703,0.7445110095948659,3,Haute-Garonne,"Haute-Garonne, France"
31-4,0.365013370810642,0.9252210575628037,0.1756748843473678,2.389178427124202,16.76719173937655,10.952353067478676,1.165310066170873,9.152661474497863,26.712342136596984,30.391754992094633,1.0032987839394116,1,Haute-Garonne,"Haute-Garonne, France"
31-5,0.502854036422941,0.8475623316612715,0.19274012206874397,5.0841384763646245,15.488398527267785,6.546986582322272,1.9768217648076305,22.57777558130915,23.928191949393362,21.809286120240184,1.0452445081420345,0,Haute-Garonne,"Haute-Garonne, France"
31-6,0.44843538602540045,0.8226770828787151,0.17675555361585127,4.2901409680094265,14.871470344346005,7.96272858202767,1.7042726836293807,17.40496661283987,29.001003796971155,22.398856544319816,0.9186924453367085,1,Haute-Garonne,"Haute-Garonne, France"
31-7,0.5464210043738461,0.7756452352336228,0.1846184345843607,4.494033974748163,14.256508109581572,7.544574820028002,2.1534687201853617,23.366002948938753,23.005439429045808,22.620094911222075,1.0531924120584335,0,Haute-Garonne,"Haute-Garonne, France"
31-8,0.5561218371507375,0.7884638445856818,0.18737258664108405,4.056241755606188,14.580585202062599,7.532377982971579,4.775752488307951,23.562477515289604,21.305012591437823,21.466902506295718,1.1886916896510373,0,Haute-Garonne,"Haute-Garonne, France"
31-9,0.4607086059055957,0.9230567442165494,0.201662485859033,3.3380879773088714,14.132769334185891,9.702752774908596,1.613299886872264,15.159116619939994,25.78820520387585,27.575295525716065,1.1050448412112865,1,Haute-Garonne,"Haute-Garonne, France"
31-10,0.3689220098871099,0.748911680070833,0.1795420448117268,4.151602351262943,17.38729432597949,8.298285742394059,2.12622051698271,15.729604761553407,28.743943530337685,21.331070611672693,0.934602425047345,1,Haute-Garonne,"Haute-Garonne, France"
32-1,0.5716469747577978,0.8923675158283064,0.15288233045848082,4.3305581866826195,16.797115176894827,8.47998404706117,4.37210229822025,18.618409026704555,24.13712880336341,20.585938149126743,1.0618674909018395,0,Gers,"Gers, France"
32-2,0.5691723925751205,0.8546132020647456,0.16408573479643113,4.737975592246949,19.150172631866816,7.561617611868868,4.150001709226404,20.82350528150959,22.647249854715756,18.290431750589683,1.051174238539637,0,Gers,"Gers, France"
33-1,0.31660619895914016,0.904977375565611,0.15626486214721508,2.873914638620521,24.825730708083647,8.000760941937413,1.3384425149131032,9.670756729580258,31.445925563572626,19.26270161564279,1.2039188509776744,3,Gironde,"Gironde, France"
33-2,0.22938954695564479,0.7989084221558662,0.12853724613893888,2.0368209772785697,20.999031026913723,11.200537878937688,1.1153077972671004,6.001700646641223,31.87328205026795,24.410211789831713,1.2062726176115801,1,Gironde,"Gironde, France"
33-3,0.39909712453793056,0.9290457653178057,0.19954856226896528,3.1437076777127158,12.020347410775623,10.711832248356178,1.6781706958029374,11.34319081422356,28.371880009159607,29.636232784847394,1.5669469069972848,1,Gironde,"Gironde, France"
33-4,0.5681491283585525,1.032736896611242,0.19561590242218513,4.254645877682527,12.197226856912721,8.305045739600715,1.6857488061676542,19.840630573614867,24.63753523962948,25.481847994937002,1.8008169840630572,1,Gironde,"Gironde, France"
33-5,0.5337447854163094,0.7337562146408366,0.14400822904165952,4.844848277044402,15.008857649008513,6.152351562946454,2.0126864392250985,24.14195096862678,23.42190982341848,20.949768558203328,2.0561174924281387,0,Gironde,"Gironde, France"
33-6,0.3926749160717965,0.8314042976088037,0.1684623868332707,4.352146986462411,16.306916653537105,8.398880149313424,1.5343408757620196,14.017524936069131,31.057677158197087,21.500163614548363,1.439808025596587,1,Gironde,"Gironde, France"
33-7,0.37323248931272607,0.8040118382111148,0.1742847747451496,4.005261427162118,15.554094048010523,9.31272607694837,1.7165406116409074,11.772443275238409,31.540611640907596,23.37389016770799,1.3729036501150937,1,Gironde,"Gironde, France"
33-8,0.4068433131650323,0.7800727913392216,0.20168300994505878,4.7557781023251495,24.601849920022254,5.127848482741034,2.1872174699214133,18.87938428727079,24.679509469828687,17.073509979831698,1.3063031736096622,0,Gironde,"Gironde, France"
33-9,0.6179604663752921,0.8331902869290798,0.2046663937781416,4.618858357651222,14.920840320600004,7.210859202725365,2.6646244041567084,20.69771433853142,23.928802503532147,22.727212707802412,1.5752710179182128,0,Gironde,"Gironde, France"
33-10,0.4629046479405467,0.7242725784103792,0.19996221186547422,4.499937019775791,17.806083889658648,6.074442625015744,2.240521476256456,25.209409245496918,22.301297392618718,18.930280891799974,1.5508880211613554,0,Gironde,"Gironde, France"
33-11,0.6954642431631155,0.7688897509074285,0.19395417140007204,5.272782688204815,13.258153002133497,5.644066387742097,2.0739242470421986,30.781912388130007,19.40788562245435,20.059017483583162,1.8439500152392565,2,Gironde,"Gironde, France"
33-12,0.5320962219686077,0.7722064948346649,0.1808237857386355,4.407950317923787,16.47275044835406,6.863893047177222,2.6930886777631207,21.337206717158992,23.215106196920065,21.940446723680505,1.584431368480339,0,Gironde,"Gironde, France"
34-1,0.3282693335369112,1.110008397587602,0.14352240629055651,3.536147797541797,19.088480036644018,5.7699060997022675,1.108481563478128,22.137567753263607,22.84754561416902,23.172761279486984,0.7573097182991068,0,Hérault,"Hérault, France"
34-2,0.35013360361190454,1.1563622961393163,0.14742467520501246,2.0386068368193127,15.891919284990324,9.495070487422833,0.6841426333732609,10.97853128167327,24.580761079885747,33.70957338984613,0.9674744310328942,1,Hérault,"Hérault, France"
34-3,0.29162095051105846,0.999018305711151,0.13570479875267077,3.8329387307270313,20.803256915170067,6.6192181093722935,1.1015187388115724,19.010221169948604,25.115493445746957,21.305653404169313,0.7853554310792863,0,Hérault,"Hérault, France"
34-4,0.4422198998954953,1.004345195533799,0.12430559375171883,4.089984049282218,16.4248391177603,5.729057807601342,1.5719707386832407,25.159232165447442,20.694131235905616,23.788570485671855,0.9713437104669711,0,Hérault,"Hérault, France"
34-5,0.5481827275758586,0.8682894298099366,0.1653884628209403,3.970656885628543,14.591530510170056,5.591197065688562,2.1180393464488163,29.71523841280427,17.50716905635212,23.70390130043348,1.2204068022674226,2,Hérault,"Hérault, France"
34-6,0.4089304674720923,0.723161247740121,0.13917984331506297,3.7191149883777657,18.22968978678222,4.327488736476598,1.5094556202829512,34.043102706115306,17.010072603093523,19.125032283984275,0.7647717163600883,2,Hérault,"Hérault, France"
34-7,0.45421466034279406,0.7390398755301262,0.1392757660167131,3.8796456623754674,18.72192526788627,4.444277146227007,1.2597555773043239,32.10494617179854,16.999171873823684,20.358101834424954,0.8996461642701197,2,Hérault,"Hérault, France"
34-8,0.37727666955767564,0.9916160740098293,0.15900549291702804,3.8320323793003754,15.84272911246025,5.95114194854004,1.2156692685747326,26.01329864122579,20.83983810349812,23.88985255854293,0.8875397513732293,2,Hérault,"Hérault, France"
34-9,0.320787330457667,1.0199791332513197,0.1354781444165875,3.5395611753896947,18.797203232788824,5.635579363719887,1.1850444586324493,25.269009763769716,21.537910522135885,21.7216624881262,0.837784387311771,0,Hérault,"Hérault, France"
35-1,0.6167167836061922,0.7030292905668782,0.18097783717563204,3.6710658202472435,15.207706871589263,11.61599287225749,0.5791290789620225,9.991368749303932,33.5282325425994,22.882559305045106,1.0232208486468426,1,Ille-et-Vilaine,"Ille-et-Vilaine, France"
35-2,0.5380089797182227,0.59348712390979,0.1728853795737214,3.344170924291686,19.22640243587759,10.542137585797596,0.6412241317025339,9.076482427620375,35.01703050007741,19.892140166176393,0.9560303452546834,3,Ille-et-Vilaine,"Ille-et-Vilaine, France"
35-3,0.7851785262803045,0.653144927943366,0.1727673680366323,4.713880383178358,17.02250189622721,8.676292946034778,0.820293844986937,16.0392729724415,29.758125684748716,20.116863780655674,1.2416776694665281,1,Ille-et-Vilaine,"Ille-et-Vilaine, France"
35-4,0.832752239446441,0.7053585796277424,0.1971249262457759,5.4967011747036425,16.288955640186664,8.004344794292765,0.8542080137316955,18.941425736201257,26.973931234243416,20.22474923563804,1.4804484256825619,0,Ille-et-Vilaine,"Ille-et-Vilaine, France"
35-5,0.9058602188000836,0.6596520567672404,0.166074373446682,5.7707941374584815,21.518825633521473,6.747497270805751,0.7792720600190463,15.379880612268598,29.470652451629388,17.34141639374724,1.2600747915360138,0,Ille-et-Vilaine,"Ille-et-Vilaine, France"
35-6,0.9460460306591579,0.6819356912284624,0.1914450608571708,5.570073084501335,20.139461438493033,7.080672433308647,0.9502382582691691,19.10258380961697,26.805103338410586,17.150403152555164,1.382037702100306,0,Ille-et-Vilaine,"Ille-et-Vilaine, France"
35-7,0.6808154571732846,0.6934935848673868,0.13438815355748263,4.15335463258786,24.561336781784064,6.870277397433947,0.8329529895025103,16.170951873827274,27.83609716517065,16.974745169633348,1.091586794462194,0,Ille-et-Vilaine,"Ille-et-Vilaine, France"
35-8,0.45057022986468126,0.642616557347988,0.14920522366010755,2.817171896235892,17.1778053536607,12.49926136027891,0.5746617030077409,7.717307805944571,32.99208178218992,23.99544997931809,0.9838681084914023,1,Ille-et-Vilaine,"Ille-et-Vilaine, France"
36-1,0.9703432630690003,0.847808448278717,0.21857561557185676,5.212697256213674,19.71485817423126,5.803844943783014,1.2435627825338211,23.50515805335232,21.632362438111638,19.57410872480999,1.2766803000447087,0,Indre,"Indre, France"
36-2,1.139730377216733,0.8306990062798577,0.23531746594275832,5.7114100619480315,19.23649405327247,6.068638986150291,1.3849708688317763,25.218660958564282,20.182016642331625,18.59433253476603,1.3977290446961428,2,Indre,"Indre, France"
37-1,0.5625159805676297,0.8044371889935684,0.18094919654623054,3.4636036425860004,22.04039887496804,9.206773793835927,0.6883936825128336,11.06740357571347,27.1994178156285,23.800719863108,0.985386385539799,1,Indre-et-Loire,"Indre-et-Loire, France"
37-2,0.7304541035967227,0.8429384807665603,0.20969309818080822,6.099152895431191,20.20413831412304,6.186640744341064,0.8415497847521177,21.405360366615746,23.64393834189696,18.587696153312038,1.2484377169837522,0,Indre-et-Loire,"Indre-et-Loire, France"
37-3,0.8437467991396087,0.7630851172795247,0.21381747413704802,5.835808665369251,20.698043634128855,6.3377035747208845,0.9116050394346,19.646881081634742,24.605653999795145,18.960616613745778,1.183038000614565,0,Indre-et-Loire,"Indre-et-Loire, France"
37-4,0.9305775178069157,0.6842893326429801,0.1721218566770686,5.387554050461091,20.278193700060175,6.814906032661172,0.965561635017702,20.134059137151734,23.723429562978406,19.662473237150333,1.246833937392424,0,Indre-et-Loire,"Indre-et-Loire, France"
37-5,0.6964304236371449,0.7690369997184643,0.21633796138515565,5.765554847600279,23.38820809933765,5.841124957399202,0.8460888763761909,20.371330774815892,23.914235334212517,17.16626905922622,1.0253826662912857,0,Indre-et-Loire,"Indre-et-Loire, France"
38-1,0.32719711332640206,0.7446027765885879,0.13913522108739526,2.730719833649318,24.02911136933521,8.819032475077977,0.611583389395144,8.926059568222128,32.57140236071188,20.460522292214545,0.6406336003914134,3,Isère,"Isère, France"
38-2,0.564167638383977,1.0443103093490638,0.16633513958433363,4.036628026613622,13.723506413334247,7.258728307840044,0.9019823033129845,19.62240208519103,25.812812950133758,25.816242540640648,1.0528842856162974,1,Isère,"Isère, France"
38-3,0.5409951583206419,1.0183438274270908,0.1545700452344691,3.6778578410201623,12.774759620848771,9.310572136476257,0.6364648921419316,15.666128702293546,26.656513536244404,28.479530834450934,1.0842634055417906,1,Isère,"Isère, France"
38-4,0.5599772598067084,0.9437180216031836,0.18050028425241615,4.918988061398522,17.517055144968733,6.878908470722001,1.1085844229675952,20.318362706083,25.244457077885162,21.281978396816374,1.0474701534963047,0,Isère,"Isère, France"
38-5,0.5114867793671435,1.0056350238404854,0.16843148182550002,4.989782649080438,16.103783516007184,7.458046937890892,1.0019196235060994,19.500897888414144,26.65428199888538,21.553037339773358,1.0526967614093752,0,Isère,"Isère, France"
38-6,0.5481120584652862,1.1102782722758362,0.17333458259158624,6.304069458758862,17.324088822261782,4.509822293013523,0.9400668353165309,31.203348012117804,20.859489678003683,16.135731909178926,0.8916580780161779,2,Isère,"Isère, France"
38-7,0.634765625,0.9528459821428572,0.18973214285714285,6.351841517857143,16.74665178571429,4.8423549107142865,1.3253348214285714,29.506138392857146,20.827287946428573,17.537667410714285,1.0853794642857142,2,Isère,"Isère, France"
38-8,0.5245127768034225,0.999852480781524,0.15571473061351604,5.882738612335885,17.96620170794473,5.450015571473061,1.0129653002016097,26.410857414479832,23.052336540510414,17.61871199331246,0.9260928715435428,2,Isère,"Isère, France"
38-9,0.5993728416623666,0.9248600801810027,0.20111406607655566,5.471096468595774,17.340795723679857,6.774368541526085,1.1603752365074955,21.520528189047223,24.984453353444742,20.035988832876857,0.9870466664020429,0,Isère,"Isère, France"
38-10,0.5995237428211234,1.1696316010645749,0.17789606387449222,5.898585236027455,15.541392351870009,5.447541672503152,0.9735257038800953,28.274268104776578,21.69771676705421,19.344446000840453,0.8754727552878554,2,Isère,"Isère, France"
39-1,0.7538518331422798,0.8471118537372011,0.18846295828556994,5.585886650216635,18.46742699489013,5.263362412325866,1.2920398686588044,23.12265635625328,22.361032854728087,20.91550253550681,1.202665682255338,0,Jura,"Jura, France"
39-2,0.7692307692307693,1.057981057981058,0.231000231000231,6.352506352506353,20.676830676830676,4.897204897204897,1.5592515592515594,22.804342804342802,20.887040887040886,19.20766920766921,1.556941556941557,0,Jura,"Jura, France"
39-3,0.7790549169859514,0.795475278233899,0.160554643313264,5.305601167670133,18.09341361065499,5.035577449370552,1.1932129173508483,26.157635467980295,20.69877759532932,20.52727604451742,1.2534209085933223,2,Jura,"Jura, France"
40-1,0.5561248719038216,0.7998200404908895,0.17121147741758105,4.971381439176185,16.826214101827087,8.646804468994477,3.531705366292584,19.665575245569748,24.19455622484941,19.45062360968782,1.185983153790397,0,Landes,"Landes, France"
40-2,0.44768769306531764,0.7946456551909388,0.13766396561758518,4.114249899270269,18.70439181626897,7.658817209114921,4.156780230111474,16.252182477503695,25.668173881899985,20.973049200877465,1.092357971079375,0,Landes,"Landes, France"
40-3,0.4968152866242038,0.7210191082802548,0.14267515923566879,4.289171974522293,15.653503184713378,9.921019108280255,5.025477707006369,18.724840764331212,23.884076433121017,19.9312101910828,1.210191082802548,0,Landes,"Landes, France"
41-1,0.7146878518703866,0.8225947704241211,0.17358939071687726,5.808207181283623,20.524208682597273,7.16877267609158,0.8272863755786314,21.686162892530962,23.45489803578131,17.712373326660828,1.1072188164644063,0,Loir-et-Cher,"Loir-et-Cher, France"
41-2,0.7906258859104797,0.7181780955680852,0.24254260245062526,6.189561218382839,21.981604561060887,4.5862601190663685,1.0237187765773144,28.2987368885249,19.64122594260875,15.396730399722808,1.1308155101269413,2,Loir-et-Cher,"Loir-et-Cher, France"
41-3,0.8793363499245852,0.8054298642533937,0.2096530920060332,6.036199095022624,23.64253393665158,5.218702865761689,1.0015082956259427,25.380090497737555,19.86425339366516,15.79788838612368,1.1644042232277525,2,Loir-et-Cher,"Loir-et-Cher, France"
42-1,0.5496776326665564,0.9733013721276244,0.1570507521904447,4.42428500578608,17.1226649032898,7.5177715324847085,0.9629690857993056,20.071499421391966,24.495784427178048,22.67730203339395,1.0476938336915191,0,Loire,"Loire, France"
42-2,0.6021897810218978,1.1001042752867571,0.17205422314911367,3.829509906152242,18.15172054223149,8.188216892596454,0.7768508863399374,16.86131386861314,25.122523461939522,24.15276329509906,1.0427528675703857,1,Loire,"Loire, France"
42-3,0.5544751771909806,0.9787692258240787,0.15589591938413075,6.202086112405779,17.72713392584497,5.7086835634271385,1.1137718776618826,24.673341797785316,23.302422011860948,18.598222465084135,0.9851979235306408,0,Loire,"Loire, France"
42-4,0.6649564140853339,0.8474684432872587,0.1761304897193399,5.853148013426759,16.42097739658715,5.354111625888629,1.2750315886204389,26.997740935023163,21.739352401373306,19.564523745708414,1.1065589462802006,2,Loire,"Loire, France"
42-5,0.7291548604027352,0.7833062576347173,0.17126953543138515,6.075031168536779,19.483168990139408,5.1418640673996,1.4822370823730906,25.211883083355374,22.979082448650622,16.86753057035274,1.0754719357235507,0,Loire,"Loire, France"
42-6,0.7148258424311168,0.8211635710572334,0.1819556689824661,6.864691147974857,20.360130440947113,4.831277470579895,1.66359468783969,25.42180632355026,22.92995888274493,15.187390708445578,1.0232052554468547,0,Loire,"Loire, France"
43-1,0.760471001394412,0.75659763466405,0.20657955895264166,6.314878892733564,17.78262665909208,5.191602540928574,1.9108609203119349,24.94319062128802,23.22083354852037,17.547642410783453,1.3647162113308888,0,Haute-Loire,"Haute-Loire, France"
43-2,0.730784708249497,0.7468812877263581,0.19637826961770624,5.561368209255533,19.610462776659958,5.495372233400402,2.6269617706237423,20.70985915492958,23.88088531187123,19.03903420523139,1.4020120724346077,0,Haute-Loire,"Haute-Loire, France"
44-1,0.31453829089825514,0.6654968049531503,0.15892461013806575,3.0129457338674963,23.891666390755887,9.48415720292686,0.5578916001721683,7.487666788067411,32.801377346621194,20.73800615832864,0.8873290732708671,3,Loire-Atlantique,"Loire-Atlantique, France"
44-2,0.3399400783590689,0.8282438349850195,0.118114772989168,2.319082737958055,21.380214335100252,11.130156718137819,0.5084696934777598,6.301855266190366,30.78186218022586,25.42348467388799,0.8685757086886379,1,Loire-Atlantique,"Loire-Atlantique, France"
44-3,0.5105191650541397,0.8371416416210355,0.15644942154884928,3.682050859785637,14.872301590569121,10.336640728999411,0.5791373324001262,11.755664429714411,29.611483936487026,26.516804589183028,1.1418063046372158,1,Loire-Atlantique,"Loire-Atlantique, France"
44-4,0.5890361479258703,0.762690672668167,0.15837292656497456,3.914867605790336,14.592537023144676,10.034453057708872,0.6126531632908226,11.262537856686395,30.642382817926705,26.219054763690924,1.2114139646022617,1,Loire-Atlantique,"Loire-Atlantique, France"
44-5,0.4988274982515325,0.7559550746698481,0.17484675196445468,4.707491669066524,19.17863166988933,7.993582095692599,0.7292138067223434,11.972888468342454,32.18414448512774,20.69774139136874,1.1066770889044308,1,Loire-Atlantique,"Loire-Atlantique, France"
44-6,0.8275553567434578,0.7615745918139118,0.19458734063967792,5.542384254081861,19.860210243793336,6.499664504585104,0.9282039812122568,19.560501006486245,24.468798926414674,19.78528293446656,1.5712368597629165,0,Loire-Atlantique,"Loire-Atlantique, France"
44-7,0.5746094451427546,0.8114113844496319,0.17283174717184413,4.684413718800503,25.958430597952955,5.476746274016879,0.8114113844496319,16.012749147064103,26.311950080804454,17.902675525228943,1.2827706949182978,0,Loire-Atlantique,"Loire-Atlantique, France"
44-8,0.8617476480849224,0.7454564429800367,0.15505494013984764,4.281901808477331,13.082760574299643,8.502676188630298,0.7842201780149987,16.397059919788887,27.379124237770785,26.503958373712223,1.3060396881010243,1,Loire-Atlantique,"Loire-Atlantique, France"
44-9,0.7074670209150731,0.7012882696407056,0.18330295447290104,5.8337709948819345,21.045856632374598,6.166393771818716,0.954617071889771,18.405470254461573,24.619234452717105,20.132431235647275,1.2501673411803476,0,Loire-Atlantique,"Loire-Atlantique, France"
44-10,0.5792701815253082,0.694917704396671,0.17347128430704417,5.545918261982942,21.001383640005784,6.994609999380459,0.7857836152241704,13.786836833736036,29.837060900811597,19.505193812857527,1.0955537657724634,0,Loire-Atlantique,"Loire-Atlantique, France"
45-1,0.5508404060575802,0.8137793310034949,0.18139457480445997,5.203860875353636,23.463138625395242,6.856382093526377,0.7671825594940922,15.76967881511067,28.939923448161093,16.595107338991514,0.8587119321018473,0,Loiret,"Loiret, France"
45-2,0.6664148092179826,0.8568190404231205,0.19191537589724217,5.568568190404231,21.07593502077824,6.544767661503589,0.8628636191915376,20.864374763883642,24.939931998488856,17.337363052512277,1.0910464676992824,0,Loiret,"Loiret, France"
45-3,0.703003258251877,0.9633092506020683,0.2054115313783822,6.8954526136846575,21.359257685224538,4.951126221844454,1.0943476413089672,26.896515087122825,21.102493271001556,14.725881852953677,1.103201586627001,2,Loiret,"Loiret, France"
45-4,0.7293538762192249,0.9369928983964684,0.21461848510757098,6.305944757550906,20.913960670726386,4.3220324196053115,0.9771248102458515,29.961089494163424,18.95622131876952,15.689832667376248,0.9928286018390884,2,Loiret,"Loiret, France"
45-5,0.790486664833654,0.8815644762166621,0.21824305746494366,6.463087709650811,19.631564476216663,4.9199202639538075,0.9503024470717625,28.254742919989003,20.387682155622766,16.297772889744294,1.2046329392356339,2,Loiret,"Loiret, France"
45-6,0.5808274611037466,0.8006000139538129,0.1744226609921161,5.314658480429777,21.16967836461313,6.71701667480639,0.7674597083653107,20.192911463057282,26.105839670690017,17.26261075838973,0.9139747435986884,0,Loiret,"Loiret, France"
46-1,0.5735904320234317,0.7775724397642875,0.22490323930402034,4.201680672268908,16.588793193625996,7.261410788381744,2.5210084033613445,17.20945639666655,25.717423899020186,23.569510791868613,1.3546497437149134,1,Lot,"Lot, France"
46-2,0.7374272398884502,0.7954481648542925,0.18154934586086208,4.005315465383967,16.739972674015984,7.0860394167961225,3.0451627393363156,14.961912070224034,27.65539313855771,23.386176046716205,1.4056036983660558,1,Lot,"Lot, France"
47-1,0.4991200484694614,0.877066443553273,0.14713943625400305,4.672398372810941,18.551109315945876,5.840858601886847,3.2529355760076166,24.0572978275295,21.982920285046596,19.030033755517728,1.08912033697816,0,Lot-et-Garonne,"Lot-et-Garonne, France"
47-2,0.5912945541274679,0.8198621968994303,0.19544189744269244,5.064926460845369,18.16781502583808,5.488936001060024,3.37385716178614,26.528753146945803,19.766132237975352,18.7657347290314,1.237246588048231,2,Lot-et-Garonne,"Lot-et-Garonne, France"
47-3,0.5767539408700358,0.9420878154387389,0.18097557675394088,5.26013124957716,18.603274473986875,5.540897097625329,3.029226709965496,24.654962451796226,20.431635207360802,19.443880657600975,1.3361748190244234,0,Lot-et-Garonne,"Lot-et-Garonne, France"
48-1,0.6106299457910149,0.7352483020748957,0.19315845224001496,4.563108812594762,22.817621035578544,5.676366128730762,3.66377967474609,18.89421978524103,21.73136436330405,19.695931210667332,1.4185722890315076,0,Lozère,"Lozère, France"
49-1,0.6539664486778505,0.7766786884755249,0.14665609146551337,4.470017808239677,24.73250228214836,7.7458360145458895,0.6659383745117698,13.166125435852924,28.06967660835341,18.514583302156442,1.058018945572632,3,Maine-et-Loire,"Maine-et-Loire, France"
49-2,0.8285038520588114,0.7372162823828822,0.17150997939113957,4.818877162892986,21.89795156226227,7.658473837812418,0.7427488623632416,13.859112850800148,28.5342812487033,19.556287085575182,1.1950372757576175,0,Maine-et-Loire,"Maine-et-Loire, France"
49-3,0.9765867318906082,0.6238811789936372,0.2038248170007621,5.990677230109356,23.611775757253504,5.223232484358661,0.8152992680030484,24.650396129100866,20.288545045284557,16.25635844809557,1.3594229099094308,0,Maine-et-Loire,"Maine-et-Loire, France"
49-4,0.8282781147923471,0.6799546696886873,0.18998733417772148,6.001266582227852,24.883341110592628,5.4496366908872735,0.838277448170122,21.985200986600894,22.958469435370976,14.854009732684487,1.3315778948070127,0,Maine-et-Loire,"Maine-et-Loire, France"
49-5,0.86651204741657,0.8455740239659837,0.15622986728514365,5.859425331787141,24.336425718335267,5.646823862904265,0.7215565004509727,14.452068032470041,30.260275737662674,15.602048705063781,1.2530601726581625,3,Maine-et-Loire,"Maine-et-Loire, France"
49-6,0.9573251435987716,0.7851351177702677,0.1824700273705041,6.247670937150641,23.464103519615527,6.261805939270891,0.8429601264440191,16.45442746816412,26.972154045823103,16.52124747818712,1.3107001966050296,0,Maine-et-Loire,"Maine-et-Loire, France"
49-7,0.776353500677144,0.7732039935750055,0.18109665837296463,5.305344713552329,23.473276432238354,6.683254070737929,0.6834430411640579,16.12390160939813,27.23851217284495,17.563226355075432,1.198387452363705,0,Maine-et-Loire,"Maine-et-Loire, France"
50-1,0.8893821892928186,0.6212702165076254,0.1801827774094041,5.752875717127455,21.884279413036584,5.993599907746418,0.7164067229797907,21.804998990976447,25.035315824372244,15.78689422550235,1.3347940150488655,0,Manche,"Manche, France"
50-2,0.9657974053204036,0.712881666885074,0.19132485912724415,6.465731883108374,25.731883108373736,5.477656925697811,0.9160005241776962,18.943781942078363,24.213078233521163,14.975756781548947,1.4061066701611846,0,Manche,"Manche, France"
50-3,0.8379205604757526,0.687793126723847,0.23042815413083198,5.609412640962677,21.97563047703283,5.863116366217836,0.8879630383930547,21.915113992109582,24.094871227902757,16.521000384046925,1.3767500320039103,0,Manche,"Manche, France"
50-4,0.7539769012856832,0.700225176145856,0.22372339652792908,4.804242028038062,16.28241446938331,8.51601656134234,0.8149923730660276,19.185007626933974,26.344156315827703,20.99222779109465,1.3830173603544709,0,Manche,"Manche, France"
51-1,0.745477800109629,0.8770327060113283,0.18636945002740726,5.136122784578841,20.84597113100676,5.737255618490773,0.635848711858213,23.82605517997442,23.69998172848529,17.399963456970582,0.9099214324867532,0,Marne,"Marne, France"
51-2,0.6719466743119266,0.8511324541284403,0.15768348623853212,5.088876146788991,23.50021502293578,5.4812930045871555,0.7561639908256881,22.692087155963304,23.89800745412844,16.015625,0.886969610091743,0,Marne,"Marne, France"
51-3,0.7494768262414224,0.9149457359310871,0.18818032866667747,6.021770517333679,22.584883928426585,4.302191651931282,0.8695228979770615,29.331797608812032,19.283616955696512,14.738088671868663,1.015524877115001,2,Marne,"Marne, France"
51-4,0.7669450024070785,0.8184066800577698,0.18094589883630208,5.90149238865187,20.881820747356365,4.84403791563605,0.8565879247663474,28.37198492670861,20.45020667673766,15.971380667009743,0.9561911718322017,2,Marne,"Marne, France"
51-5,0.7644786386086163,0.6992779018402908,0.17930202611289506,6.484213271609969,22.911538900389576,3.1198552543643743,0.8606497253418964,35.20350779963813,17.023912370209786,11.829043668193451,0.9242204436910137,2,Marne,"Marne, France"
52-1,0.8917060593038246,0.752041254834551,0.20949720670391062,6.225827245380318,20.344506517690874,4.651912333476579,1.2211717518980088,28.18185073771666,20.186935969058876,16.03996562097121,1.2945853029651913,2,Haute-Marne,"Haute-Marne, France"
52-2,0.9186126373626374,0.843492445054945,0.1738495879120879,6.310096153846153,17.659684065934066,3.635817307692308,0.9529532967032968,39.25137362637363,15.37603021978022,13.783482142857142,1.0946085164835164,2,Haute-Marne,"Haute-Marne, France"
53-1,0.8534923339011924,0.6797274275979557,0.16013628620102216,4.976149914821124,25.514480408858603,6.166950596252129,0.706984667802385,16.07495741056218,27.536626916524703,16.163543441226576,1.1669505962521296,0,Mayenne,"Mayenne, France"
53-2,0.7440640748171434,0.6792941659689421,0.1690336645550623,5.511761267594509,28.9948026097534,5.522819544714933,0.842008815026619,15.916020284039748,26.10069351195084,14.315729609326866,1.2037724522519393,0,Mayenne,"Mayenne, France"
53-3,1.1248304167883088,0.6062063162233176,0.21981418831893665,6.3488519860555375,26.516803764317977,5.376861122082739,0.9908811457814566,18.811286084731503,24.474936030636602,14.164276759801481,1.3652521852621455,0,Mayenne,"Mayenne, France"
54-1,0.5780159642504412,0.9309780936806826,0.19752926509398833,4.617651344656186,19.8371193109143,8.158606285316452,0.7334488285866944,16.9697067823778,26.10462574680634,20.803717436005375,1.06860094231174,0,Meurthe-et-Moselle,"Meurthe-et-Moselle, France"
54-2,0.5183691165105275,1.00657857533317,0.21300258242068953,4.007464515277752,21.63389945524118,8.075248345931275,0.6974420840323462,15.023279485777834,29.045635332038984,18.874290776799683,0.9047897306365573,0,Meurthe-et-Moselle,"Meurthe-et-Moselle, France"
54-3,0.8742490854784039,0.8960633620834312,0.18122629794945802,4.429976172097862,12.831828707588011,5.2236802362653965,0.7802798939490553,26.3617142665369,20.391314561868647,26.603349330469513,1.4263180857133269,2,Meurthe-et-Moselle,"Meurthe-et-Moselle, France"
54-4,0.9617649367983042,0.837455183062469,0.1570228468242129,5.762738478448614,16.335610164612284,5.252414226269922,1.0389678364868755,31.926670330533092,19.181649263301143,17.309151814922405,1.2365549187406768,2,Meurthe-et-Moselle,"Meurthe-et-Moselle, France"
54-5,0.8459504926700312,0.9629095569975167,0.23071377072819035,6.1539693983818,16.463991027797807,5.729391973083393,0.9548986621805656,31.312985660498278,19.580229111591766,16.56973483938156,1.195225506689097,2,Meurthe-et-Moselle,"Meurthe-et-Moselle, France"
54-6,0.7907277401121451,0.8628854046090708,0.18941386930443016,5.213391259902888,12.804978878850287,5.4208445453315495,0.8388328497767623,30.200989161317477,19.751657371356412,22.720644608469506,1.2056343109694683,2,Meurthe-et-Moselle,"Meurthe-et-Moselle, France"
55-1,0.8073798796329792,0.8895977899825698,0.20718913408096817,6.577432827967245,17.553523859637586,4.711086263031539,1.2595783865557273,32.434965632913475,19.22254743973427,14.95379353438353,1.382905252080113,2,Meuse,"Meuse, France"
55-2,0.8544050528865912,0.6813609915424715,0.24009863511496612,6.060868248577794,18.62819320369449,4.440743224243473,1.1420908048711902,32.17970625770587,19.517207068849906,14.981289610867169,1.2740369016460817,2,Meuse,"Meuse, France"
56-1,0.4788709695986002,0.6561453189211589,0.19339019926097317,4.186667587572377,25.983354629277894,7.360338893301561,0.821908346859136,12.921458254193,31.296980580400824,15.135085356448066,0.9657998641664077,3,Morbihan,"Morbihan, France"
56-2,0.6133245938480265,0.7385645395383679,0.1720586169764502,4.724003932768388,22.34772227164193,7.633784353200055,1.11779577695585,16.889835666463785,26.73580223793249,17.700969146495623,1.3261388641790346,0,Morbihan,"Morbihan, France"
56-3,0.8303110012886427,0.6788622746535943,0.19794614270721242,5.3498598435029825,19.062612091985173,6.267851686527706,1.1611069042020379,21.255961632989255,27.052196670785012,16.571679088119247,1.5716126632391427,0,Morbihan,"Morbihan, France"
56-4,0.8311147123509666,0.6852644982058108,0.19909711772195857,5.384882509549716,20.703785160319484,6.292394953119575,0.9491839333256165,21.242041902998032,25.101284870934137,17.199907396689433,1.4110429447852761,0,Morbihan,"Morbihan, France"
56-5,0.6645001697628171,0.7049198881182196,0.1729963945611227,3.830172511357941,18.77253399298314,9.205995052626474,0.8277958319186433,14.8421205801038,30.04155147046935,19.771709430728688,1.165704677369808,1,Morbihan,"Morbihan, France"
56-6,0.8176514093187608,0.6971265784644041,0.21639685539759498,5.053825293779275,16.967978743802558,7.6752403648615335,1.2942723313337168,18.819678417837675,27.36461500534144,19.430520174213164,1.6626948256498755,0,Morbihan,"Morbihan, France"
57-1,0.803313115885627,1.0162571776834624,0.16301235075558426,4.49091683432952,16.257177683462324,5.937467874818263,0.7254783898491769,25.945398205395563,23.034673167579633,20.545430514149764,1.0808746860910812,0,Moselle,"Moselle, France"
57-2,0.6216557862473808,1.0528320836724445,0.21645396457081506,5.466761329200506,20.49039810213164,5.984519212453895,0.8294515922353634,23.061871201232922,24.237649136781588,17.08601014736186,0.9523974441115863,0,Moselle,"Moselle, France"
57-3,0.5927450841201107,0.9441328884787393,0.19521544686590472,5.098672534961312,19.07077447291829,6.518421239440619,0.8287783062397955,22.778093277489884,25.14729892808973,17.72378788954355,1.1020799318520622,0,Moselle,"Moselle, France"
57-4,1.0504267358614439,0.9738331197048801,0.22821771344608746,7.8062963078750744,19.55169287523056,4.036014630943821,1.3208490949448213,33.7105699190296,17.399255947728765,12.698908931753525,1.2239347234814144,2,Moselle,"Moselle, France"
57-5,1.0651482765433873,1.0561672624072709,0.237098773193469,7.093204964704615,18.278159969823793,4.124081691304582,1.8464965063855012,32.69628006394482,18.58531065327897,13.563127548362761,1.4549242900508323,2,Moselle,"Moselle, France"
57-6,0.953000223518176,1.1663584825147826,0.2235181760916831,5.770832910003454,14.396602523723406,4.677625830573223,0.9916079084794668,33.6780931867596,16.88984617885518,19.911405522930934,1.3411090565500985,2,Moselle,"Moselle, France"
57-7,1.03360690637342,1.0292023314883059,0.21288778611384357,6.41159284109762,15.540808386310582,4.755472684294754,1.038011481258534,33.596629032021255,18.08077990339299,16.953208732803805,1.3477999148448854,2,Moselle,"Moselle, France"
57-8,0.9232625034796325,1.2851442887631066,0.17784788592991246,4.426092604620952,11.408555256564906,6.051467631684761,0.7794376913797904,28.191209674924995,20.09681111008011,25.147691070489625,1.512480282082212,2,Moselle,"Moselle, France"
57-9,0.8674430326020638,1.0982306284319707,0.22946123033663157,5.8691673077433215,19.395442608165105,5.2736292012627,0.9961004854497706,22.90235297238507,24.917102156670293,17.232140488633046,1.2189298883200255,0,Moselle,"Moselle, France"
58-1,0.7584597432905484,0.7867472861638556,0.2015487429723136,5.162476574378558,16.59948375234256,6.534422403733956,1.0324953148757117,24.109826385205615,23.370814327640467,20.236200982992113,1.2075244864042998,0,Nièvre,"Nièvre, France"
58-2,0.9002379759519038,0.8047344689378757,0.187875751503006,5.5204158316633265,17.82314629258517,6.509894789579159,1.2227580160320641,25.33191382765531,22.133329158316634,18.21298847695391,1.3527054108216432,0,Nièvre,"Nièvre, France"
59-1,0.639300134589502,1.063257065948856,0.1547779273216689,2.788245850157021,13.555406011664422,10.428443248093314,0.46657694033198743,15.464333781965006,24.006280843427547,30.408254822790486,1.025123373710184,1,Nord,"Nord, France"
59-2,0.6339755356399143,1.1090715574819912,0.17121967020931989,3.516944577272517,13.478535840441777,8.989803945765013,0.5414243625537953,18.0135433216616,23.882830214872975,28.678523500285362,0.9841274738157306,1,Nord,"Nord, France"
59-3,0.9476006455529398,0.8261893128414693,0.14954322687632332,4.757251365877493,14.04521831830498,4.702468203556464,0.7225454922341166,36.43524482151054,15.900442707176593,20.51259272420379,1.0009031818652927,2,Nord,"Nord, France"
59-4,0.569452389619845,0.7189661448853295,0.20151853970565292,4.5309168443496795,23.72588278121587,6.4056893234177545,0.5837537053408914,17.72583077643143,26.605647719590202,18.10806594206667,0.8242758333766707,0,Nord,"Nord, France"
59-5,0.7082493950105794,0.7665310983567094,0.19891798750744358,5.579839598616443,16.932101815601758,5.842107263674028,0.5790160528082913,27.66353719259569,21.71626946418843,19.135403600795673,0.8780265308449581,2,Nord,"Nord, France"
59-6,0.616634080312829,0.6740589835792122,0.14766403697069963,5.4827110023380135,23.769808173477898,5.199688264810839,0.6603863875634066,22.673265973010295,24.287999562476926,15.805520994271182,0.6822625411886954,0,Nord,"Nord, France"
59-7,0.5497114471473447,0.9971509971509971,0.17897582000146103,4.57118854554752,21.939148221199503,5.7856673241288625,0.48213894367740523,20.1274746146541,22.992914018555044,21.55928117466579,0.8163488932719701,0,Nord,"Nord, France"
59-8,0.7941163199927808,1.3964715968054866,0.16920092045300728,3.5171231331498443,10.905563326264495,6.711636511302621,0.4895546631773677,24.9830799079547,20.41014303117809,29.603393042458155,1.0197175472634572,1,Nord,"Nord, France"
59-9,0.4442437660219063,0.8098345374038686,0.14419715683989745,3.5189932416686087,30.20274994173852,6.3068049405732935,0.5491144255418318,13.82690515031461,25.046609182008854,18.38003961780471,0.7705080400838965,3,Nord,"Nord, France"
59-10,0.7065179746484727,0.9957054789776268,0.1506545681235714,5.0651104800166245,18.080279836531137,5.250398282191591,0.6476414767611,26.86673131537023,19.80328323058807,21.410265290572834,1.0234120662187434,2,Nord,"Nord, France"
59-11,0.7464106429376381,0.8430049614354501,0.18148023475346498,4.58237592752499,16.854245027587922,7.7948687927173745,0.6132275674330792,22.541601416716674,22.073265327030313,22.76406105931769,1.0054590425454066,0,Nord,"Nord, France"
59-12,0.9511004175217606,0.6736961290779139,0.16134739225815584,5.606114216969782,15.441228504705965,4.118604486589767,0.7543698252069918,36.021512985634416,15.904040761446463,19.448022079116836,0.9199632014719411,2,Nord,"Nord, France"
59-13,1.1188532138252807,1.0881576524034626,0.17956903431763765,4.794646694088034,10.75725950027626,5.740069985880042,0.6676284609245503,32.97163730124624,16.687641966971576,24.63472281908036,1.3598133709865554,2,Nord,"Nord, France"
59-14,0.9210879313208221,0.7166856164646064,0.19545971358125633,6.093744011650932,17.61053693933084,4.5287887885330305,0.9134228445137141,32.61622187871278,18.245461629852958,16.979444792212274,1.1791458538267945,2,Nord,"Nord, France"
59-15,0.9642558090851998,0.6711848440443793,0.15961900774544693,5.9163701067615655,19.12157211639104,4.694368850743144,0.836037261879841,29.814737282813482,19.294274649361522,17.33174586560603,1.1958342055683484,2,Nord,"Nord, France"
59-16,1.0509466604148814,0.6661384986014325,0.17946935277854129,4.2587592362043045,9.291985319083574,4.845672525020615,0.6046985399925625,37.057996087244746,14.9363773060195,26.092580316577468,1.0153761580623777,2,Nord,"Nord, France"
59-17,0.7801072647489029,0.8252523610885385,0.18780360077288405,4.626469472885855,14.31099553966448,5.124871336475432,0.5904978601224335,32.88729978149774,17.489210321974827,22.21138739910071,0.9661050616682015,2,Nord,"Nord, France"
59-18,1.0173323285606632,0.8144455393890209,0.18839487565938207,6.244565532432903,16.904817112051475,4.120051011535563,0.639093385890673,35.626920178540374,16.98597182772013,16.52223059532781,0.9361776128920063,2,Nord,"Nord, France"
59-19,0.9874417662548106,0.7764499358584835,0.14685031395584364,4.1877658497063,9.66511376679495,4.954088177705759,0.5063803929511849,39.359260009452434,14.737357369522652,23.76274390655594,0.9165485112416447,2,Nord,"Nord, France"
59-20,1.0170137565404207,0.7675248622613396,0.1905817942409647,4.878893932568696,11.30496552202086,4.397241761668804,0.5526872032987976,37.589660071381545,15.769777192556914,22.500779652794623,1.0308742506670363,2,Nord,"Nord, France"
59-21,0.8285278716776032,0.9660634983760854,0.1756479087956519,4.800490488500033,16.56724332206535,4.593358520580632,0.6048253463246503,30.342347716577184,18.996487041824086,21.250082852787166,0.874925432491549,2,Nord,"Nord, France"
60-1,1.0312475769558813,0.8405055439249437,0.18143754361479414,5.368690393114678,15.859502209816236,4.5778087927424975,0.7877801039001318,34.69023803985423,19.01217337365279,16.372799875940142,1.2778165464836784,2,Oise,"Oise, France"
60-2,0.9695606366923888,0.8044078703835531,0.19932230416583618,5.952618240838293,17.48198980608787,4.180073464506393,0.8343062160084285,35.0237763034255,17.978871835758422,15.47025826475697,1.1048150573763489,2,Oise,"Oise, France"
60-3,0.8169700444317042,1.594524867421528,0.1899097033108786,5.27626487028809,13.20947398595385,5.424967751182456,0.7238067937508958,29.58112369213129,18.768811810233625,23.308728679948402,1.105417801347284,2,Oise,"Oise, France"
60-4,0.5008165487207403,1.0928143712574852,0.16739248775176918,5.280348394120849,25.22046815459989,4.394393032117582,0.8287969515514425,25.047632008709854,22.128470332063145,14.56314643440392,0.7757212847033206,0,Oise,"Oise, France"
60-5,0.8133690884228097,1.0513417038128896,0.16516009874087625,5.4840256442131805,17.071871281677883,4.949475217105614,0.802713598181463,29.968566303788023,20.959349304729262,17.65259549983129,1.0815322594967056,2,Oise,"Oise, France"
60-6,0.9179614456192839,0.9026620881922959,0.19719171794784618,5.2697786692958895,18.520722129670553,4.365416652500595,0.7377690137014246,30.595314996770135,20.074456872811343,17.363070751028456,1.0556556624621765,2,Oise,"Oise, France"
60-7,0.8680229881137128,1.2670748136905472,0.22510615801770154,5.593546956803492,13.410869898872763,5.15868278790566,0.7179522161019117,31.427889288698648,19.517727109943895,20.6790702433534,1.134057538498269,2,Oise,"Oise, France"
61-1,0.8608243701725258,0.6244134844438027,0.202122283981809,5.578214105247961,25.027069948747567,5.733415144733993,0.907745614668303,21.634303039052913,23.110517577420055,15.009384248899154,1.311990182631921,0,Orne,"Orne, France"
61-2,0.8437954028983348,0.7786014975971389,0.21420854598964348,5.833923182952725,27.23428826882241,4.256230674663786,0.9089893081995306,26.899005327273407,18.66780911224528,13.167306187832956,1.1958424915247923,2,Orne,"Orne, France"
61-3,1.0235432504081883,0.9252269176074018,0.21594480240172756,6.006074544848048,22.112396636176896,5.612809213644902,0.8585122632068681,23.004266226584033,22.800610965782404,16.0747204129286,1.365894766410927,0,Orne,"Orne, France"
62-1,0.9959664541465088,0.7002519487585905,0.1715144131249926,5.684815651577342,18.352042204374207,4.223985994961025,0.8138063188275511,35.12142037591228,17.952236193089742,14.908742503637287,1.0752179415904708,2,Pas-de-Calais,"Pas-de-Calais, France"
62-2,0.9065457938941474,0.7406419884756107,0.180716645188049,5.140055400020738,17.896873009524654,6.394702928498422,0.789524359715001,24.14937267623576,24.0175384022871,18.735279740479047,1.0487490556814647,0,Pas-de-Calais,"Pas-de-Calais, France"
62-3,1.1734626983086405,0.8210961059394258,0.17208601022682574,3.7563917660941395,7.686508456798218,5.588698046414056,0.5178969450635899,39.9403435164547,14.199554215287794,25.03769503081159,1.1062672086010228,2,Pas-de-Calais,"Pas-de-Calais, France"
62-4,0.9519038076152305,0.5596908101918122,0.14171199541941026,5.340681362725451,22.158602920125965,4.123962210134555,0.7228743200687089,27.204408817635272,23.43973661608932,14.298597194388776,1.0578299456054967,2,Pas-de-Calais,"Pas-de-Calais, France"
62-5,1.006532856424961,0.5335658754323214,0.19066481421265777,4.608472021047031,15.307871944189896,5.767241124478997,0.7079724496733572,28.89828253865027,21.05737680688167,20.807591120044933,1.1144284489639067,2,Pas-de-Calais,"Pas-de-Calais, France"
62-6,0.9774050905953409,0.5311691113028473,0.19548101811906818,6.131363244176013,17.84943917169974,4.874892148403796,0.8304572907679034,33.18593615185505,18.372519413287318,16.037532355478863,1.0138050043140638,2,Pas-de-Calais,"Pas-de-Calais, France"
62-7,0.920504529697923,0.7355297270529291,0.17040985755483704,5.263771155582743,13.374989076291182,4.79769291269772,0.6889219027644266,35.87637274607475,17.172070261295115,19.981648169186403,1.018089661801975,2,Pas-de-Calais,"Pas-de-Calais, France"
62-8,1.3199245757385292,0.561491724282422,0.18018018018018017,5.063202737621342,14.17138068300859,5.033871080382708,0.7905579998603255,32.933864096654794,20.057266568894473,18.805782526712758,1.0824778266638733,2,Pas-de-Calais,"Pas-de-Calais, France"
62-9,0.9276227235132899,0.6357134748552618,0.16865867700241638,5.5284368259734356,16.38421743995589,5.038677975447189,0.7362599938374714,31.764591408137782,19.564406532280298,18.304331608906477,0.9470833400904919,2,Pas-de-Calais,"Pas-de-Calais, France"
62-10,1.182896285343553,0.6140800869066659,0.1720027761851595,4.372491626180633,9.911282778599235,5.671565225263285,0.6095536980596881,39.77790518724162,15.258456803162437,21.227254896043938,1.2025106370137904,2,Pas-de-Calais,"Pas-de-Calais, France"
62-11,0.9588488046832193,0.8694523747729043,0.13265276696369352,4.008420566946391,8.215820284338323,5.308994434351299,0.5637742595956974,41.174265363209045,14.54566427314935,23.126279666637828,1.0958272053522506,2,Pas-de-Calais,"Pas-de-Calais, France"
62-12,1.1687651741855345,0.6154367342329625,0.15103607927276833,4.426627519620575,8.489074586415223,5.562926994523178,0.5745017220936142,42.19270509852634,15.473434588673706,20.14567218113037,1.1998193213257298,2,Pas-de-Calais,"Pas-de-Calais, France"
63-1,0.6565509191712868,0.9370035340271698,0.21074473948707972,3.7382874558246604,14.325778944979412,8.578932010504815,1.2839217974905166,15.462179424828973,29.371332230976233,24.253477288201537,1.1817916545083165,1,Puy-de-Dôme,"Puy-de-Dôme, France"
63-2,0.8523428538239265,0.7986176654227591,0.20473652877201642,4.83526695610507,15.89829967038871,7.032191552077132,2.199828660209964,19.783937620700172,25.427986467060652,21.462486750206914,1.504305275232688,0,Puy-de-Dôme,"Puy-de-Dôme, France"
63-3,0.5935101888310867,0.6768602879889632,0.2356795907222717,3.940447791222372,21.525881642859197,7.704135889403041,2.029143793291754,12.663466789296699,30.044836605064233,19.473744718765268,1.1122927025551117,1,Puy-de-Dôme,"Puy-de-Dôme, France"
63-4,0.7740398928252455,0.7753342739169267,0.23428297759426328,4.563987729267251,14.961751038740825,7.270538591972249,1.9829918324553115,17.16219889459855,27.556079060797078,23.309214698991674,1.4095810088406229,1,Puy-de-Dôme,"Puy-de-Dôme, France"
63-5,0.8791319834783817,0.8993419141330571,0.1755737725624929,4.71270320453713,15.29386502292564,5.937930250476827,2.6487640364283997,22.47849537066276,23.962662153115488,21.619573317839052,1.391958973840771,0,Puy-de-Dôme,"Puy-de-Dôme, France"
64-1,0.36983768235052394,0.7789005734351944,0.13261856286306667,3.950538879653324,16.859368287352673,8.43715561200665,4.124250518333115,14.061303397650224,29.581410986794182,20.624988325830735,1.0796271737303174,1,Pyrénées-Atlantiques,"Pyrénées-Atlantiques, France"
64-2,0.37902323847396546,0.6974648937492233,0.12737666211010315,4.1273145271529765,16.883621225301354,7.3816329066732935,5.512924071082391,15.508885298869144,29.501677643842427,18.843979122654407,1.036100410090717,1,Pyrénées-Atlantiques,"Pyrénées-Atlantiques, France"
64-3,0.5082321434005904,0.6999604370187772,0.11412398429653976,4.036945737849599,13.882041449831098,8.27931464743297,8.203231991235278,16.68036154478225,25.490733132475118,20.82230134818467,1.282753583493107,1,Pyrénées-Atlantiques,"Pyrénées-Atlantiques, France"
64-4,0.6088685063156413,0.5681729249166523,0.14399974956565292,3.382428900123652,15.58797289048193,7.284509070419008,16.10605894598444,11.793892532360813,22.338743758706507,19.60744416096668,2.5779085601590257,1,Pyrénées-Atlantiques,"Pyrénées-Atlantiques, France"
64-5,0.3777148253068933,0.8681803447352473,0.12120699618057024,3.629162967034516,19.8455315490536,8.034896339830592,4.95257423928516,13.41028568207123,26.328696461037588,20.999816780122053,1.4319338153425507,1,Pyrénées-Atlantiques,"Pyrénées-Atlantiques, France"
64-6,0.4742161181653278,0.6180357605597305,0.13215859030837004,3.3246955169733092,24.358642135268205,7.157294635916041,6.387665198237885,11.469292562840113,25.167141746566468,18.811868359678673,2.098989375485877,0,Pyrénées-Atlantiques,"Pyrénées-Atlantiques, France"
65-1,0.5400762803156025,0.7118525635426675,0.13101580924098175,4.126997991090925,13.306839025242379,7.569802311701168,4.835939092206015,17.901126735959473,25.83777331353539,23.85215593792762,1.1864209392377791,1,Hautes-Pyrénées,"Hautes-Pyrénées, France"
65-2,0.5577857595605324,0.7521656454679907,0.15494048876681457,4.283400239453482,15.605324318613986,6.6694837664624265,5.079230931755757,19.22670610606381,24.397492781181775,22.20297204028453,1.0704979223889006,0,Hautes-Pyrénées,"Hautes-Pyrénées, France"
66-1,0.5123182400361637,0.881488736532811,0.1883522941309425,3.6483839373163565,18.362465154825586,5.172153996835681,1.3523694718601673,27.896858283733895,19.550968130791833,21.43449107210126,1.0001506818353048,2,Pyrénées-Orientales,"Pyrénées-Orientales, France"
66-2,0.5428242907185068,0.7781372837393374,0.16712570527047624,3.711527662646737,17.275449902398588,4.071182180388801,1.6338208947241757,34.20194133219242,17.319571088589996,19.239511190737225,1.0589084685937376,2,Pyrénées-Orientales,"Pyrénées-Orientales, France"
66-3,0.540872965813044,0.9019805727261259,0.17188091333417435,3.5558849501703045,16.767061940204364,5.949602623943484,1.9742651696732685,27.55298347420209,18.517408855809258,22.746625457297842,1.3214330768260376,2,Pyrénées-Orientales,"Pyrénées-Orientales, France"
66-4,0.6040935285155992,0.9021659932436908,0.15764721467841294,3.673577531959992,16.641716897396833,5.154666490031132,1.910313307279592,29.547592236868255,18.769291912300456,21.45724316089289,1.1816917268331457,2,Pyrénées-Orientales,"Pyrénées-Orientales, France"
67-1,0.3937424585617816,1.2616693833485044,0.12913059124875634,2.3243506424776137,21.38063887889244,9.80334046021296,0.6054319524122018,9.741950506996337,28.637354728084848,24.81635936408476,0.9060310336797985,1,Bas-Rhin,"Bas-Rhin, France"
67-2,0.5888701645428209,1.2856683013651942,0.19502773938234905,3.768011663794899,18.342074867930243,8.918258762047223,0.8520629390490978,15.685531971294948,26.544600761176223,22.837180239713707,0.9827125897032928,1,Bas-Rhin,"Bas-Rhin, France"
67-3,0.5725338491295938,1.4197292069632494,0.16827852998065765,4.353965183752418,20.253384912959383,7.450676982591877,0.804642166344294,16.83558994197292,25.394584139264992,21.820116054158607,0.9264990328820116,0,Bas-Rhin,"Bas-Rhin, France"
67-4,0.5528944486230422,0.9857091959938246,0.17418154467360752,6.21907287914176,25.459535779792304,5.051264795534618,0.8986184236570207,21.37022815143238,25.167913648179667,13.328846839000832,0.7917342939709434,0,Bas-Rhin,"Bas-Rhin, France"
67-5,0.9638613315020786,1.1306363201589267,0.20969502250236058,7.650802604632911,21.1019412118165,4.374164592198364,1.2299655413442554,28.177615362919546,20.639631132966265,13.25248016481293,1.2692067151458668,2,Bas-Rhin,"Bas-Rhin, France"
67-6,0.8294541954030568,1.02461988843907,0.24923186475544948,7.417615022483616,22.590428968918545,4.40573365157649,1.2989068083815751,27.43792280405628,20.882729154853426,12.751704403096278,1.1116532380362112,2,Bas-Rhin,"Bas-Rhin, France"
67-7,1.1145694382688602,1.153105083740922,0.21342819030680302,8.292574477545577,21.25833703868386,3.6608863198458574,1.4021046390988587,31.8645323847636,18.62753816511042,11.200533570475766,1.2123906921594783,2,Bas-Rhin,"Bas-Rhin, France"
67-8,1.2035085333514652,1.0661589719181341,0.20942408376963353,8.628544230638472,21.963690759502278,3.371183790031958,1.1980689467600463,32.93397701774665,18.270211463928742,9.731420412048685,1.423811790303937,2,Bas-Rhin,"Bas-Rhin, France"
67-9,0.7743991133892083,1.141511394334003,0.2161113804807093,7.540347717669876,23.798573110757083,4.229410542356446,1.0694742675070998,28.298122878714416,20.680196716769412,11.171295975618204,1.0805569024035464,2,Bas-Rhin,"Bas-Rhin, France"
68-1,0.8228110122127924,1.4006761885047954,0.25529565997378045,6.3961912647484995,21.901952666804664,5.078313668667633,1.1643552059614986,25.90560960463672,21.843303663837716,14.072310770716898,1.159180293935003,2,Haut-Rhin,"Haut-Rhin, France"
68-2,0.821631722129098,1.1706191091203868,0.24181803193097196,7.464757769778243,22.35305432661922,4.630265725041906,1.5731911736418345,26.40762825973455,20.153334615701684,13.951251683108461,1.2324475831936468,2,Haut-Rhin,"Haut-Rhin, France"
68-3,0.7248862704153927,1.142516220448952,0.26549332537847714,8.263106868521144,27.18323514057722,3.6184652099336265,1.2722798120665224,26.99381012752629,17.984935491088073,11.469908270564547,1.0813632634797523,2,Haut-Rhin,"Haut-Rhin, France"
68-4,0.8702383479205423,1.2835079220406278,0.24346696964778447,7.843382068345549,18.769430537000737,4.162660906695966,1.234814528111071,32.3573845404717,17.613274568314335,14.275904261296244,1.3459353501554443,2,Haut-Rhin,"Haut-Rhin, France"
68-5,0.6129904802051498,1.3805458952471281,0.2265781431130783,5.578389011838269,24.328169459374013,5.848877647802719,1.0608775072891419,20.955843608388662,22.854533319281973,16.20648470158429,0.9467102258755753,0,Haut-Rhin,"Haut-Rhin, France"
68-6,0.7150715071507151,1.408430316715882,0.2663424237160558,6.402350761391928,20.499681547102078,4.762318337096868,1.068264721208963,28.256904637832204,19.237450060795553,16.20201493833594,1.1811707486538128,2,Haut-Rhin,"Haut-Rhin, France"
69-1,0.43732858942999037,1.0229041583277743,0.20013342228152103,3.2484619375880217,20.059669409235788,8.605737158105404,0.7152916759321029,11.47061003632051,29.823586094433324,23.55088577570232,0.8653917426432437,1,Rhône,"Rhône, France"
69-2,0.3185033694303819,0.7627317531095987,0.14248834948201294,2.0317162302611727,23.280919971837598,9.868575451771884,0.5397793945083313,6.899788781976062,29.545378348476213,25.795420256814296,0.8146980923324505,1,Rhône,"Rhône, France"
69-3,0.3881278538812785,1.015103617843344,0.1791359325605901,2.713382507903056,20.056199508254302,10.158061116965227,0.6059009483667017,9.007727432384966,30.32314717246224,24.71022128556375,0.8429926238145415,1,Rhône,"Rhône, France"
69-4,0.2986755070446762,0.8647515989303977,0.16419334156906285,2.6411671800966396,29.329622042565166,7.9250652864001,0.5785860607671739,8.336330513377847,31.404713130776084,17.820450671628954,0.6364446668438912,3,Rhône,"Rhône, France"
69-5,0.30655237541769575,0.8426558186837135,0.120586953363359,3.812291152113904,32.302774952782215,5.532471306116519,0.6276332994333866,13.225337788754905,28.339386895249163,14.285921836408544,0.6043876216765944,3,Rhône,"Rhône, France"
69-6,0.5818535472944648,1.2022737562251622,0.1693579489243255,3.440816942502138,16.590371749081946,9.157066921541995,0.6170665861797207,13.10595771081711,27.73278333920217,26.478528430336873,0.9239230678940925,1,Rhône,"Rhône, France"
69-7,0.5337120967568382,1.4246669679557535,0.16570899778337317,3.7295284825790342,16.820539307465513,7.497794133471065,0.6370112122581617,17.420965416316957,24.249467363935693,26.556480943465253,0.9641250780123529,1,Rhône,"Rhône, France"
69-8,0.5221899882723289,0.9209308067403247,0.1691253626319363,5.945312017776681,27.303252885624346,4.850317881612246,0.9505586074933646,20.139497561878898,23.9516079254367,14.475649651256095,0.7715573112770817,0,Rhône,"Rhône, France"
69-9,0.45046929696107557,0.9915903100288691,0.15201595470203477,5.85191693513521,24.337893811974396,5.033262206602234,0.9957742353876408,24.043624395074126,22.584829086649094,14.656290531776914,0.9023332357084083,0,Rhône,"Rhône, France"
69-10,0.3953237363294711,0.9232889894536991,0.16645209950714573,6.361591178038727,26.9964498888152,5.304360264762871,0.9050832910701049,17.673831909387637,26.330641490786615,14.247259392189756,0.6957177596587731,0,Rhône,"Rhône, France"
69-11,0.5185072521881006,1.0093607842595025,0.16453963469435726,5.526595965322235,19.502786112301756,5.147739999723463,0.9664975180786196,23.399195276744607,24.373988910858234,18.55979425632233,0.830994289506796,0,Rhône,"Rhône, France"
69-12,0.49691624324928896,0.90595340811044,0.15338893682293164,4.280510018214937,27.253698910299427,6.311315629693541,0.744575464161314,13.881698782475313,28.18042373693797,17.10126865433164,0.6902502157031924,3,Rhône,"Rhône, France"
69-13,0.4037747524752475,1.208230198019802,0.1608910891089109,5.184096534653465,20.963799504950494,5.100556930693069,0.734839108910891,23.836633663366335,24.311571782178216,17.323638613861387,0.7719678217821782,0,Rhône,"Rhône, France"
69-14,0.8414304317339477,1.6948812982069517,0.1843133326655314,3.786436942802765,11.834118000601022,6.753480917559853,0.7292397075027547,21.09986977862366,21.90123209456075,30.069117499749577,1.1058799959931884,1,Rhône,"Rhône, France"
70-1,0.8819255614542421,0.8387644409915548,0.19854115412836115,6.248291538981685,19.654135554692335,4.541988576690118,1.0459378192124533,29.7639086710691,20.28141050541672,15.15386939444948,1.391226782913951,2,Haute-Saône,"Haute-Saône, France"
70-2,1.0169249446547168,0.8898093265728771,0.1842462329500821,5.474541169749339,16.457901878168965,4.911804613297151,1.1211883167892593,32.94294079840034,18.903092194529744,16.592158823109333,1.5053917017781904,2,Haute-Saône,"Haute-Saône, France"
71-1,0.5576241292690314,0.9424382248668295,0.17637312714899075,6.162370169781404,21.33045910459461,6.7003972849227695,1.0154816411608558,20.411180987333204,24.17915234006164,17.53576455078299,0.9887584400776755,0,Saône-et-Loire,"Saône-et-Loire, France"
71-2,0.8038980854100701,0.7087428018309189,0.17554509212015815,7.195708168588913,21.20158154643742,5.217134513477598,1.2304562531786787,23.386871852082752,21.93165225665677,17.0360769773432,1.1123324528735257,0,Saône-et-Loire,"Saône-et-Loire, France"
71-3,0.7024760699311764,0.7546871291828178,0.16454394430820346,5.692587611739578,19.406692508504076,6.339688315797801,0.9382169132188909,25.45526461514121,22.542520370223876,16.80721461909659,1.1961079028557868,0,Saône-et-Loire,"Saône-et-Loire, France"
71-4,0.7554912283492119,0.8525122071477422,0.15586976921731108,6.6244651917357205,17.78346826141587,5.649483880202949,1.0433731490464904,28.10427369459068,20.215354762775753,17.591016811667963,1.2246910438503014,2,Saône-et-Loire,"Saône-et-Loire, France"
71-5,0.7171839674197847,0.8399586758298522,0.15271975924179132,5.020287771938492,17.60319813142883,7.01313090478971,0.8743954842863345,23.63712587402117,22.928925421850906,19.971851652218177,1.241222356974951,0,Saône-et-Loire,"Saône-et-Loire, France"
72-1,0.6263048016701461,0.6228540865094291,0.18461326109836265,4.021808519815732,30.13854621370279,5.99389223416553,0.6280301592505046,17.60727410755879,21.92929484635691,17.194913645853102,1.0524681240187028,0,Sarthe,"Sarthe, France"
72-2,0.7255272269436576,0.7034938621340888,0.1794145420207743,3.9707271010387157,24.170601196096946,6.107963487566887,0.5870317909977967,21.073339628580424,21.122127793515897,20.254957507082153,1.1048158640226629,0,Sarthe,"Sarthe, France"
72-3,0.9666930310220583,0.6503207663239301,0.16697425081290096,4.5522453642675105,28.3460761051059,4.711896183027213,0.7923953481559599,24.03403931218326,17.702199958988782,16.87465213697747,1.2025075431350147,0,Sarthe,"Sarthe, France"
72-4,0.6993116395494368,0.5851063829787234,0.17052565707133918,3.9893617021276597,31.428347934918648,4.810700876095119,0.6273466833541927,19.549436795994993,18.90644555694618,18.128911138923655,1.1045056320400501,0,Sarthe,"Sarthe, France"
72-5,0.757807159168594,0.6516268854271211,0.14981600267632472,4.574478916670302,29.080304286483106,5.160652208695146,0.6719902255967186,21.21132783523149,20.822969847711306,15.863041992116479,1.055984640223415,0,Sarthe,"Sarthe, France"
73-1,0.4640472484471146,0.9790087718022198,0.1571069054303711,5.932240373565309,22.400826265947078,5.168526249945449,1.2975866633693611,22.246628747654306,23.775511688462824,16.643149120637737,0.9353679647382278,0,Savoie,"Savoie, France"
73-2,0.4986971751997377,1.0853997342582526,0.18981553381304897,6.099981018446619,24.115200773066903,4.562475194560922,1.4495004400269194,22.042760262980792,20.641576504288107,18.096322755431313,1.2182706079273868,0,Savoie,"Savoie, France"
73-3,0.5859957541624998,1.015842939102058,0.19474709195220802,5.737144060213695,18.813270873905644,5.5581872730143695,1.2860325982069232,24.41356562626103,23.03980911276032,18.223766163131394,1.1316385072898574,0,Savoie,"Savoie, France"
73-4,0.4786756065528444,1.256307458353494,0.1745351489597014,4.821317481164029,18.5214626391097,7.581046519665445,1.1871846270823252,18.085988802101337,24.941245593419506,21.943042787032557,1.0091933365590655,0,Savoie,"Savoie, France"
74-1,0.44230745337756405,1.0759501534409284,0.21494154335482749,6.1960316572862695,25.266192055859953,5.343720103867705,1.0771925901077193,17.638873358430555,26.85775342601911,14.958937468162562,0.92810019009281,0,Haute-Savoie,"Haute-Savoie, France"
74-2,0.4173778536377214,1.244132707488799,0.18001920204821847,5.784617025816087,25.257360785150418,5.900629400469383,1.1281203328355023,16.235065073607853,26.409483678259015,16.532430125880094,0.9107638148069128,0,Haute-Savoie,"Haute-Savoie, France"
74-3,0.49430843598939656,1.1040074847965071,0.21986589739591456,6.875097458287853,22.79432402931545,5.318883517854359,1.1367534695150476,22.17994698269141,21.849368470294714,16.884453453921722,1.1429907999376268,0,Haute-Savoie,"Haute-Savoie, France"
74-4,0.47307772219469707,1.5742620147357316,0.22535121226166313,5.358883792293309,24.817401588646135,5.528296760376544,0.9797183908964504,18.667391200115073,24.251626204670043,17.021208585721364,1.1027825280889898,0,Haute-Savoie,"Haute-Savoie, France"
74-5,0.5476723923325865,1.3193925815285037,0.18255746411086216,5.8210936851713555,26.415511852405054,5.043841451608442,1.1147069399496585,19.214173097668244,22.852875280059745,16.427405747794097,1.0607695073714491,0,Haute-Savoie,"Haute-Savoie, France"
74-6,0.40837767309451994,0.974345070661199,0.1779238824685668,5.912156437455518,28.017080692716984,4.341342732233029,1.3352763750974346,19.910529704815808,22.09984071576236,15.733554749720405,1.0895719659741756,0,Haute-Savoie,"Haute-Savoie, France"
75-1,0.1511254486536757,0.6088611825566357,0.09881279335048027,1.2090035892294055,34.39557086185099,7.58969440690527,0.45773573390296,3.8740427510644175,39.1938038566052,12.039176366304838,0.38217300957612216,3,Paris,"Paris, France"
75-2,0.15706975840404172,0.5699851026620896,0.11011075846881274,1.3051363430273981,37.33726277608653,7.277025714100654,0.5359803096055443,3.819871753351901,36.95835222488503,11.504954984131096,0.4242502752768961,3,Paris,"Paris, France"
75-3,0.2712044668971018,0.8384294957014978,0.15953203935123636,1.877160329699548,23.022245856598424,10.295134272799787,0.49100416555880533,5.29291855003102,36.85721882478064,20.210936807586634,0.6842151909953026,3,Paris,"Paris, France"
75-4,0.09295722277620971,0.4495749319722142,0.08619669748339447,1.301401118866936,54.41039768790035,3.542515253435192,0.38704007301367316,4.149272398465361,28.71026078726317,6.6760187266550615,0.19436510216843847,3,Paris,"Paris, France"
75-5,0.27193245956585665,0.6814121515865362,0.10592717901693255,1.2015620306398318,16.945186637365417,13.131808192755845,0.4490047588180424,3.844998498047462,39.849172345101266,22.883432673001217,0.6355630741015953,1,Paris,"Paris, France"
75-6,0.3426185619581846,0.7553544110147884,0.12748597654258031,1.418281489036206,13.71589750127486,14.563679245283017,0.4701045385007649,4.559217236104029,34.2220168281489,28.94569097399286,0.8796532381438041,1,Paris,"Paris, France"
75-7,0.25399694580359644,0.6638202387259637,0.11531149686789043,1.4289276030791287,19.23052949792751,11.962788668308038,0.5048773646648176,4.137189516003366,40.43537881384985,20.617383987284573,0.6497958674852744,3,Paris,"Paris, France"
75-8,0.3212387677458513,0.8290032716021969,0.1806042841704786,2.364139687051265,21.243208834806296,11.290728486624921,0.6099095498216163,6.233808529851519,34.890675193557456,21.349794969726577,0.6868884250418202,3,Paris,"Paris, France"
75-9,0.4011296386235677,1.0253089417732448,0.19966542550321084,2.180130591981005,17.255769611281995,11.762272228517979,0.6241793031496771,6.6609105462918,34.33345924846654,24.639792779666507,0.9173816847444822,1,Paris,"Paris, France"
75-10,0.36926001754899096,1.029175197426148,0.17183386955250074,2.27405674173735,18.565369991225506,11.785244223457152,0.603246563322609,6.670444574436969,34.54226381983036,23.245100906697864,0.744004094764551,1,Paris,"Paris, France"
75-11,0.2596028242141641,0.7325098797890107,0.15212394794715348,1.5162789159515186,26.696099343552092,10.480017196620203,0.5026704366949418,4.137109975693239,38.79822081121749,16.14663425765167,0.5787324106685185,3,Paris,"Paris, France"
75-12,0.18251940260605964,0.6745282270223943,0.11586014252384655,1.7109210087768025,38.51476820035869,6.680210135381783,0.5253384544574412,4.510609932229753,35.76110590886727,10.94005427968321,0.3840843080927516,3,Paris,"Paris, France"
75-13,0.2394330226024773,0.8491891201634529,0.13089005235602094,2.2730174945728514,31.145447580130252,8.239688417826587,0.5810241348486783,5.851743072404545,35.707444770782786,14.436215042778699,0.5459072915336484,3,Paris,"Paris, France"
75-14,0.08631921824104236,0.4837133550488599,0.08143322475570033,1.4315960912052117,57.001628664495115,3.180781758957655,0.3159609120521173,4.162866449511401,27.267100977198698,5.796416938110749,0.19218241042345277,3,Paris,"Paris, France"
75-15,0.39675979500743924,1.01173747726897,0.16531658125309967,1.9887584724747893,13.494792527690528,13.650190114068442,0.5571168788229459,6.171267978178211,30.948917176392793,30.606711853198874,1.0084311456439081,1,Paris,"Paris, France"
75-16,0.4529908310289623,0.9278125454810071,0.13462378110900888,1.653689419298501,16.11846892737593,13.213142191820696,0.516664241012953,5.705137534565565,29.919225731334592,30.519575025469365,0.8386697715034203,1,Paris,"Paris, France"
75-17,0.40779132019592207,1.1823670121881764,0.16402779359835973,1.608383642783916,13.58696890306413,13.042487754869574,0.5057523635949425,6.1100353115388994,28.1899988609181,34.163344344458366,1.0388426927896115,1,Paris,"Paris, France"
75-18,0.27570548167369446,0.8379284246945615,0.18740764767362236,1.430785310123617,16.50628896817674,13.131149313439291,0.5586189497963744,4.7302411071467185,37.1211302122752,24.424262082387287,0.7964825026128951,1,Paris,"Paris, France"
76-1,0.4261704681872749,0.8323329331732693,0.1600640256102441,3.0752300920368145,21.646658663465388,8.899559823929572,0.5422168867547018,11.99079631852741,27.88315326130452,23.545418167266906,0.9983993597438975,1,Seine-Maritime,"Seine-Maritime, France"
76-2,0.5375994168413106,0.7614906993999193,0.17833200994493836,5.2276011090428645,23.023052991942517,5.681892141676321,0.6157010270361741,21.295705713132786,24.952162763755645,16.795751272405397,0.9307108548221236,0,Seine-Maritime,"Seine-Maritime, France"
76-3,0.8208641077647238,0.9720255635069458,0.18560330641766484,3.6431824270024107,10.020665110405266,8.58367456277984,0.5108874516857372,20.959779572155675,21.445792353909148,31.353564731544907,1.503960812827676,1,Seine-Maritime,"Seine-Maritime, France"
76-4,0.8733820038518386,1.0017766232215106,0.1731834400800227,4.302712709574357,10.93444409608695,7.926128305041728,0.5941983547573192,26.013347068571687,20.85516788342963,25.850614353324076,1.4750451620608829,2,Seine-Maritime,"Seine-Maritime, France"
76-5,0.8935248966738831,0.7413238863740733,0.2164928163747294,5.269303942793414,15.146624680181068,6.123466509217346,0.6691596142491636,27.85540904021518,21.195302761923507,20.502525749524374,1.3868661024732665,2,Seine-Maritime,"Seine-Maritime, France"
76-6,0.946945431250364,0.5940248092714461,0.1910197425892493,5.188981422165279,18.991322578766525,4.136043328868441,0.7174887892376681,31.331896802748822,18.370508415351463,18.399627278551044,1.132141401199697,2,Seine-Maritime,"Seine-Maritime, France"
76-7,0.5371356753845233,0.6807708420611647,0.17505535938715663,4.482614160033515,19.921898378119575,5.844155844155844,0.679274642408283,19.326410916272668,23.580106529415286,23.782093482554313,0.9904841702076725,0,Seine-Maritime,"Seine-Maritime, France"
76-8,0.6910543333544665,0.8643462456941186,0.18808512436864683,3.801855491451637,10.54122022866079,5.790485851349352,0.49028931296096706,23.764238466577908,17.80891396690547,34.89930049240263,1.1602104862740126,1,Seine-Maritime,"Seine-Maritime, France"
76-9,0.9288130218792939,0.676461262023042,0.17704259592009303,5.872793573618011,17.389810802240778,5.029859422893986,0.7372370785329246,28.593700454497412,18.59872106542649,20.65585033294578,1.3397103900221963,2,Seine-Maritime,"Seine-Maritime, France"
76-10,0.9405308975126175,0.648096920975081,0.20210687953752526,5.629636320525703,20.272787832940033,4.783948874863098,0.6819695823500852,29.67245136450371,19.51516930685244,16.435015299152052,1.2182867207876524,2,Seine-Maritime,"Seine-Maritime, France"
77-1,0.5637194015019777,1.1790334600905772,0.1834476696413216,5.946761957539508,20.60728822304179,5.560757486002561,0.758632550495882,19.789417362557565,24.073684813972598,20.391355028568153,0.9459020465880645,0,Seine-et-Marne,"Seine-et-Marne, France"
77-2,0.5689718550720005,1.0628266393901133,0.20297591459029232,5.724879732775016,23.406159599801818,5.6225926577058924,0.7911265962377536,21.147852770541324,23.47648196391184,17.069155652160013,0.9269766178139334,0,Seine-et-Marne,"Seine-et-Marne, France"
77-3,0.5418218760582458,1.1920081273281409,0.1659329495428378,6.378259397223163,16.90314933965459,5.89739248222147,0.7534710463934982,25.860142228242466,20.389434473416866,20.978665763630204,0.9397223162885202,2,Seine-et-Marne,"Seine-et-Marne, France"
77-4,0.6354539478489519,0.9553721422832518,0.19282740486450953,6.41589365276459,18.55671609086261,4.303557081294281,0.8837922722956687,32.710539770652254,17.279964940471842,17.072529398875176,0.9933532977868673,2,Seine-et-Marne,"Seine-et-Marne, France"
77-5,0.5523032701771283,1.2054357477162938,0.20466824180950804,6.5433640837333895,18.757242396424324,4.710379388704119,0.8457614110069376,26.352541046516876,21.478126081656608,18.45625968788093,0.8939186443738808,2,Seine-et-Marne,"Seine-et-Marne, France"
77-6,0.5861839920292261,1.1457987379608103,0.16439721022915976,6.1823314513450685,15.607771504483562,5.217535702424444,0.7655264031883096,27.539023580205914,20.763865825307207,21.059448688143473,0.9681169046828296,2,Seine-et-Marne,"Seine-et-Marne, France"
77-7,0.5398920215956808,1.295740851829634,0.17696460707858427,5.776844631073786,16.7621475704859,5.218956208758248,0.6808638272345531,24.343131373725253,22.225554889022195,22.126574685062987,0.8533293341331732,0,Seine-et-Marne,"Seine-et-Marne, France"
77-8,0.4491576500301352,1.1422667393737624,0.18942111758459373,5.44011709669087,18.567574548689837,6.496283328071635,0.7433343856728755,16.542777602387854,28.372987400625664,21.1635048646787,0.8925752661940706,0,Seine-et-Marne,"Seine-et-Marne, France"
77-9,0.5299199805645394,1.1585356595150245,0.1852442338936212,7.358143913512201,17.871513384655096,5.652985924475015,0.7075722376592417,21.11328747779347,24.702774108322327,19.8560561198925,0.863966959716971,0,Seine-et-Marne,"Seine-et-Marne, France"
77-10,0.5170751172147774,1.5495627306886577,0.17790044225717422,4.653676054932997,15.193030292953813,7.3787118012835435,0.7282279785854421,15.859741296179298,26.88125561134573,26.106474246001397,0.9543444285571776,1,Seine-et-Marne,"Seine-et-Marne, France"
77-11,0.5026864213611202,1.4429338977531747,0.16281341582546402,6.701807228915663,12.14181048518398,7.072207749918594,0.6939921849560404,18.253419081732336,25.136356235753826,26.80722891566265,1.084744382937154,1,Seine-et-Marne,"Seine-et-Marne, France"
78-1,0.26530253283302063,1.0245661350844277,0.16709662288930582,3.451864446529081,32.60143058161351,7.815431519699813,0.6332082551594747,8.954326923076923,29.977720450281424,14.530077392120075,0.5789751407129456,3,Yvelines,"Yvelines, France"
78-2,0.2932057631065782,0.9132868506334086,0.2020173678820443,4.247976319075209,29.98134145143867,6.491210841598743,0.7659825198860847,10.58627123637435,32.28770640142534,13.660021604635176,0.5709796439443892,3,Yvelines,"Yvelines, France"
78-3,0.2559915257977667,0.7047123037766106,0.14417913521943182,3.373497521001604,39.02399552750438,5.499404157655471,0.6120257168498331,9.05827485251063,29.46844978005326,11.319533330390902,0.5399361492401171,3,Yvelines,"Yvelines, France"
78-4,0.2769307362001369,0.8945796253656108,0.14935590266973675,3.7945734022029995,30.344140892401516,6.470533325035784,0.630095214387952,9.3114070570664,33.729541352915554,13.846536810006846,0.552305681747464,3,Yvelines,"Yvelines, France"
78-5,0.314949847660128,0.9294443873883127,0.1711683954674609,3.4028277018931226,30.986614631474446,6.1226935058710765,0.5768374927253431,9.831912635650953,31.710656944301803,15.31272465851905,0.6401697990483037,3,Yvelines,"Yvelines, France"
78-6,0.3182287523063121,1.0105455591854697,0.17773414357533387,3.564839108282411,31.213501024087208,5.789054962168018,0.6736970394569799,10.486314470944698,30.881730622746584,15.215735396177871,0.6686189210691131,3,Yvelines,"Yvelines, France"
78-7,0.48512905066903417,1.1097723381317774,0.17122201788318853,4.9353161265774625,21.66117065127782,7.216690975965502,0.837085420762255,15.616082186568583,28.45139197158983,18.645760669668338,0.8703785909062085,0,Yvelines,"Yvelines, France"
78-8,0.6199867539921996,1.578482596217529,0.21340790345132093,4.807196997571565,14.535653837662815,6.464787695930532,0.7469276620796232,21.778644491868423,21.82647729781441,26.350356906321288,1.0780778570902936,0,Yvelines,"Yvelines, France"
78-9,0.5863673082815678,1.2911223153848297,0.1880275216579849,5.674252764700967,21.3822112036547,5.862280286358952,0.77857321930973,21.04515446112705,23.482548260397227,18.82921529847628,0.8802473606507145,0,Yvelines,"Yvelines, France"
78-10,0.3840183021488684,1.0621782825394233,0.20017975324781437,5.299997276465943,27.065119699321837,6.88781763215949,0.8129749162513278,14.056159272271701,27.89307405289103,15.635809025791866,0.7026717869106953,3,Yvelines,"Yvelines, France"
78-11,0.37978832102716353,1.3205837558558733,0.1831466522719824,4.439860422972373,18.98170461336778,12.766285593105975,0.6998129976287328,12.09153476894604,26.592893909891846,21.740471554433114,0.8039174104991229,1,Yvelines,"Yvelines, France"
78-12,0.3898600130557772,1.185899760644085,0.18133023863059403,4.899543047798651,25.409806339305142,6.810763762965112,0.696308116341481,12.504533255965763,29.319286284180752,17.77761659534344,0.8250525857692028,3,Yvelines,"Yvelines, France"
79-1,0.7231785825699781,0.7373585547772326,0.1673236720456028,4.624088936785683,17.09395649584527,8.483877371600352,1.1060378321658488,13.98428859079436,30.29692861801991,21.367800119111767,1.4151612262839963,1,Deux-Sèvres,"Deux-Sèvres, France"
79-2,1.0152019991670136,0.6963244481466055,0.20434194085797586,5.271241149521034,17.0085381091212,7.111620158267389,1.377030403998334,19.828977509371096,25.294148271553517,20.452415660141607,1.7401603498542275,0,Deux-Sèvres,"Deux-Sèvres, France"
79-3,0.8636119563271881,0.6309289421872203,0.17600381838792434,6.033351232026728,22.480758904599966,5.224926913668636,1.1350754728238173,20.20016705447169,25.395262812481356,16.147604558200584,1.7123083348248909,0,Deux-Sèvres,"Deux-Sèvres, France"
80-1,0.9572330427353133,0.7404711801654985,0.1550559308893565,4.211825388035377,13.488283783997595,5.1912092780406,0.6866762653671502,28.80717687451545,22.922962517602013,21.67935066373432,1.1597550749173298,2,Somme,"Somme, France"
80-2,0.7175562085696713,0.8730267204264335,0.18793138795872344,4.149866739561266,17.55620856967129,6.140230984760473,0.6167566459372651,18.88027062119866,28.99781316203103,20.879177202214176,1.0011617576710174,0,Somme,"Somme, France"
80-3,1.062508417760352,0.5282612274216961,0.21100519282283045,5.334989449740359,17.70049234544992,3.6394654535115154,0.8544962063960014,33.32834503090253,18.951558595094504,17.285964413450458,1.10291366744983,2,Somme,"Somme, France"
80-4,1.0031115720847532,0.7408504963698326,0.21040154096903246,5.48673877611498,16.518002667061786,3.9961475774188773,0.7734479182101052,32.944139872573714,20.828270854941472,16.334271743962066,1.1646169802933768,2,Somme,"Somme, France"
80-5,1.0992640120777506,0.6919544568157514,0.13839089136315028,4.879851544316538,15.815877209536392,3.547839214946216,0.7501415361388941,36.67044096370384,17.83040825312952,17.287853054035352,1.2879788639365917,2,Somme,"Somme, France"
81-1,0.5440793997189919,0.7010253804071627,0.18534572957460166,4.9086723864757404,19.37610235867388,6.484111087859855,3.3197811724612123,21.796059908522913,22.963439060117786,18.678066425517923,1.0433170906699352,0,Tarn,"Tarn, France"
81-2,0.6426099851705388,0.7885507144034085,0.1906645010945555,4.784266647835604,15.269637266671374,7.465339076807194,2.7540427935880234,21.79930795847751,22.08648165148412,22.976249323258717,1.2428500812089542,0,Tarn,"Tarn, France"
81-3,0.5947074698677478,0.8340558560978886,0.18683828108781397,4.995786979936255,18.457912540145806,5.921430228724249,3.1066443600483584,23.566046721781923,21.524258447410517,19.63145233181502,1.1808667830844193,0,Tarn,"Tarn, France"
82-1,0.5329410295199367,0.9021137218436429,0.17903487710435373,4.775651256713808,18.9443881587165,6.249566291479883,2.330229136885348,24.236326037777747,21.525821270453694,19.324663789155206,0.9992644303498813,0,Tarn-et-Garonne,"Tarn-et-Garonne, France"
82-2,0.5966714828490394,0.9190881361374217,0.18328249585273185,5.073045432653717,16.51147856798844,5.436934767485417,2.6502381334617646,29.057633649060843,19.811901321774496,18.618558356076417,1.14116765665971,2,Tarn-et-Garonne,"Tarn-et-Garonne, France"
83-1,0.37587750815322535,1.1018370091942586,0.17688353324857664,4.25257494518453,26.05162788126693,4.28758314447331,1.11657730363164,25.450960882943637,19.58800877047519,16.840786394708235,0.7572826267204688,2,Var,"Var, France"
83-2,0.41406056364723204,0.8558223621863564,0.15600169123328814,5.1203545758066165,20.679700826663165,3.7571622271792853,1.2830045634139584,31.3111431862252,18.392162008485325,17.259327297380047,0.7712606977795273,2,Var,"Var, France"
83-3,0.3529188539624312,0.9360571753842261,0.16191259249889317,4.709379545885776,26.449939915248876,3.713870090443362,1.213079501612801,27.736386060337743,19.029789387135537,14.990829169565492,0.7058377079248624,2,Var,"Var, France"
83-4,0.3562873159283534,0.9788781205540085,0.17267166847039653,4.625655118742172,29.169351994844174,2.7445067305470774,1.102909882413026,31.33382783905055,15.741089777107629,13.00995902087868,0.7648625314639396,2,Var,"Var, France"
83-5,0.3351835465100689,0.9760544874373207,0.13005121604590675,4.722065803233851,29.81792829753573,2.733757005336122,0.8299144611589306,30.926715469391038,17.023301960153383,11.886949293433084,0.6180784597645671,2,Var,"Var, France"
83-6,0.35787595782867093,0.8941525432836464,0.15153306322475255,5.158572365097959,20.63751356812002,3.573386065406399,1.2574020139926276,33.26849294457759,17.36289481885888,16.566540209996884,0.7716364496125697,2,Var,"Var, France"
83-7,0.3678248695430826,0.8221967672139494,0.16673030418734885,4.435535191548937,25.76428662339315,3.372788596156294,1.0347460862924782,28.57451953671885,18.484154257350134,16.286114292987143,0.6911034746086292,2,Var,"Var, France"
83-8,0.4166717430767919,1.1257447093653676,0.16447568805662838,4.901375504087525,21.210053728724766,3.628211844686217,1.1927533230180678,32.79523386006164,17.0396812826667,16.543817541636717,0.9819807746195739,2,Var,"Var, France"
84-1,0.44103476391668517,1.1211177822251872,0.20939885849825807,3.483804017493144,16.45541472092506,5.776072937513898,0.9858424134608258,24.34030094136832,20.282039878437477,26.0043732858943,0.9006004002668445,0,Vaucluse,"Vaucluse, France"
84-2,0.3878964195342212,0.7833689410124702,0.1575829204357774,4.79264208979196,20.17515947694592,4.313832446929406,1.334909162537691,30.130157431398395,19.08571601739473,18.034153067563675,0.8045820264557481,2,Vaucluse,"Vaucluse, France"
84-3,0.47503944673851006,0.83089938563803,0.16785846174505656,4.92496726759996,18.328465437942725,3.6274213583106723,1.2186524322691108,35.36106355121362,16.20841306610266,18.024641622184173,0.8325779702554806,2,Vaucluse,"Vaucluse, France"
84-4,0.4798560431870439,0.9140115108324645,0.1813741591808172,5.0527698833207175,19.48415475357393,3.478956313106068,1.4495651304608619,33.764156467345515,17.219119978292227,17.044886534039787,0.9311492266605733,2,Vaucluse,"Vaucluse, France"
84-5,0.42522266204849085,0.9787852548243443,0.1530801583374567,4.541378030677882,19.888050470064325,4.62642256308758,1.2911306284017814,28.1451014349332,20.030306778822364,18.932459178624445,0.9880628401781296,2,Vaucluse,"Vaucluse, France"
85-1,0.7916685250434861,0.652290263592168,0.1862093572989608,5.732349136969805,23.459033941394228,5.604121136434593,0.8351545426162972,17.930734579189153,27.619196289193166,15.883546674992195,1.3056955532759467,0,Vendée,"Vendée, France"
85-2,0.7531638813440713,0.6677657719633263,0.1660518793514488,5.6054370129639075,23.24726310920283,5.6433917282442385,0.9417513728932168,18.593066147952225,26.91819572772236,16.23631554601416,1.2275978223482107,0,Vendée,"Vendée, France"
85-3,0.6577464500133188,0.6782369936274409,0.13113947913038132,5.736327684773477,28.478782042087573,4.348093354916706,0.9026084462020778,20.01004036637092,24.307931889433025,13.766571727147921,0.9825215662971539,0,Vendée,"Vendée, France"
85-4,0.9272833895323266,0.6035283194057568,0.20036162830474516,6.103699359820163,27.91501734838489,4.774470996432586,0.8564237892782095,15.162732737135318,27.85637492058838,14.16092459561159,1.4391829155060354,3,Vendée,"Vendée, France"
85-5,0.8382152744849106,0.6133655566942503,0.14837022194349694,5.73443259862031,23.73770592104257,5.231197515945975,1.0477690931061383,21.247533536258928,24.46884990134145,15.592639613319669,1.3399207672423024,0,Vendée,"Vendée, France"
86-1,0.7876938969864251,0.8086775458815554,0.2146788694655626,4.613174503252466,16.09930108307911,8.212677352186335,1.171856084451116,16.765935467209015,27.3077978467548,22.488015108227206,1.5301922425064163,1,Vienne,"Vienne, France"
86-2,0.6784679964856334,0.7419218378835704,0.2001236536396473,4.680941069278579,18.258436106862778,8.652500732159709,1.0608180664475613,13.466857570531385,28.48263967980215,22.402460056620352,1.3748332302886337,1,Vienne,"Vienne, France"
86-3,1.1059190031152648,0.8359293873312565,0.2526825891311873,5.489788854274836,19.138110072689514,5.948425060574594,1.4468674281758394,22.713741779162337,22.554517133956388,18.759086188992733,1.754932502596054,0,Vienne,"Vienne, France"
86-4,0.9371739783919509,0.8063232719749616,0.27938394072816647,5.32774565451877,18.476473396636784,5.336586918465864,1.1440595547539476,26.94109949958446,20.670875108305484,18.603787597474934,1.4764910791646773,2,Vienne,"Vienne, France"
87-1,0.8472392731020475,0.7123478682611134,0.21370436047833402,4.175571015019931,14.594037496779277,8.311735552221162,1.5671653101744496,17.691992906833992,27.12226617560133,23.349853741341942,1.414086300186423,1,Haute-Vienne,"Haute-Vienne, France"
87-2,0.9028879516052059,0.7210205213533,0.19992518928400985,4.585380954223581,16.722774703659276,7.077351700653948,1.7838486243857137,18.43052277212398,25.995433966644736,22.119464974396678,1.4613886416695687,0,Haute-Vienne,"Haute-Vienne, France"
87-3,0.9105335325927866,0.813471582417921,0.22185588611397847,4.583480980479764,15.295730814858183,7.957539248463186,1.6962731292464603,18.449473862603416,27.004791470873712,21.56007826582649,1.5067712265241038,1,Haute-Vienne,"Haute-Vienne, France"
88-1,0.7882806685161379,0.9489816631707152,0.1759252994113269,5.945936802219365,18.64808173760065,5.516273090195548,1.0843088165640435,26.970701671290342,21.28357804993572,17.37262331686853,1.2653088842276203,2,Vosges,"Vosges, France"
88-2,0.9411471676629661,1.108383148306291,0.1779106177056647,5.965343011670936,16.086678052946198,4.899658411614006,1.136848847139197,33.10382863649303,18.812268716196982,16.337532023911187,1.430401366353544,2,Vosges,"Vosges, France"
88-3,0.9918985285871731,1.1291788317639553,0.24942477619443534,7.0902376302712735,19.255979427289777,4.866683423886773,1.544886792088014,26.22247143216226,20.230476227305246,16.723061157408303,1.695701773042789,2,Vosges,"Vosges, France"
88-4,0.9455002954688423,0.8673440210450066,0.23256257267580396,7.220877256524143,18.212318191349436,4.489220152881298,1.2790941497169217,30.13972816866505,19.03391219809756,16.054442517013285,1.5250004765626488,2,Vosges,"Vosges, France"
89-1,0.6833559999328397,1.0560956362598433,0.19980187713024058,6.344968854413271,20.843197501637032,5.445020903641766,1.2357494249399754,24.966839604425864,21.743145452408534,16.407260027871523,1.0745647173391093,0,Yonne,"Yonne, France"
89-2,0.8156916961894065,0.8243324980558195,0.18491315994124255,6.364814654799964,19.06506523805409,4.5692560269593026,1.0991099974077594,29.21627927071632,19.433163397563295,17.174457789682883,1.2529162706299144,2,Yonne,"Yonne, France"
89-3,0.7463242413859882,0.996588657659134,0.1713119516155462,6.265548421695541,19.802171937612655,4.407930998525227,0.9161465238570513,31.08045703049353,17.93412683043096,16.542775849483828,1.1366175572405368,2,Yonne,"Yonne, France"
90-1,0.7139271571197502,1.2661051927045568,0.231468570472419,5.496681354230576,18.25812928774611,5.535724245635563,0.9091416141446818,28.364660605722573,20.134976853142952,17.906743265101234,1.1824418539795862,2,Territoire de Belfort,"Territoire de Belfort, France"
90-2,0.9407548437674992,1.3635345503415837,0.2351887109418748,5.036958226005152,17.1379773770859,6.170903796617763,0.9603539030126553,25.417179975361183,21.14178519431067,20.30182551237541,1.2935379101803113,2,Territoire de Belfort,"Territoire de Belfort, France"
91-1,0.6395462546450225,1.5392137688245648,0.20144729121846275,4.950127126931352,12.573831410131039,7.256014081752396,0.7216898102875025,15.957363583023664,25.239585370623903,29.692939565812637,1.2282417367494622,1,Essonne,"Essonne, France"
91-2,0.5599911288534043,1.1158239077400756,0.20098691505877134,6.995730760700821,19.102073630516745,5.021900643158128,0.8081060102018187,24.359614105123086,21.877079174983365,19.03138168108228,0.9273120425815037,0,Essonne,"Essonne, France"
91-3,0.4819651741293532,1.0986733001658375,0.1982276119402985,6.452114427860696,18.543998756218905,6.553171641791044,0.8486214759535655,19.694496268656717,24.730514096185736,20.461494610281925,0.9367226368159204,0,Essonne,"Essonne, France"
91-4,0.4315049369241313,1.1346041576769805,0.19163895728101124,6.544914587405132,20.37210955148869,6.48272711120136,0.7995532654770667,16.97464273929487,27.886641114805695,18.26788841789984,0.9137751605452191,0,Essonne,"Essonne, France"
91-5,0.33029816104267096,0.9908944831280129,0.23210141046241742,3.7082663810033925,24.068916264952687,7.995000892697733,0.7141581860382075,7.91644349223353,34.3028030708802,19.050169612569185,0.6909480449919657,3,Essonne,"Essonne, France"
91-6,0.4348433787330528,1.2843409793294094,0.23139879796866022,4.778618129862869,17.920206240002486,8.408007330216956,0.6786662732369431,12.776630274417233,29.91411843270022,22.743861719805565,0.8293084437266076,1,Essonne,"Essonne, France"
91-7,0.4964640331452247,1.3715265376098291,0.17501250089292092,6.04328880634331,17.16908350596471,7.164797485534681,0.7875562540181442,17.24408886349025,25.24108864918923,23.39631402243017,0.9107793413815273,1,Essonne,"Essonne, France"
91-8,0.316102949739631,1.0863959272630475,0.14806927645698503,18.67003843146389,14.984943517393981,6.147370522568087,0.43921673016453994,12.96022093932487,23.890728201374216,20.61989452143677,0.7370189828139817,0,Essonne,"Essonne, France"
91-9,0.4577288239765798,1.2227667523897325,0.19732479337506267,7.875200155271969,18.491921005385997,6.38232487424588,0.6130007925340062,16.646448962427417,25.063483591311243,22.158603846216053,0.8911964028660617,0,Essonne,"Essonne, France"
91-10,0.5772917392819799,1.352823283373998,0.22002439874520738,5.3350470547229,14.876699198326943,6.5963750435691875,0.6753224119902406,16.889595677936565,24.34428372255141,27.847246427326596,1.2852910421749737,1,Essonne,"Essonne, France"
92-1,0.5452562704471101,2.1053568646651684,0.1691407206284913,2.405804197360515,11.321300603120202,8.214452629470545,0.594218057997463,11.519373289119356,23.681926423786525,38.42610108383593,1.0170698595686911,1,Hauts-de-Seine,"Hauts-de-Seine, France"
92-2,0.32839232904548504,1.0160204655550917,0.17417493695230146,2.387648094054466,27.196690676197903,7.961246076528113,0.5860260899540977,6.885352976395668,34.01672805123646,18.7873070014696,0.6604133026108098,3,Hauts-de-Seine,"Hauts-de-Seine, France"
92-3,0.23336688935663952,0.9929532351057014,0.15862847381104908,2.927000396571185,31.888899057380797,6.627314602971233,0.5521491107653824,7.277081236081877,34.73811049083311,14.073701229370672,0.5307952777523566,3,Hauts-de-Seine,"Hauts-de-Seine, France"
92-4,0.3888441941539286,1.4548136229552158,0.2011263073209976,2.8526414588361493,19.681885223920624,7.7366586216143745,0.5882944489139179,9.551823545186377,30.242692410834003,26.479954411370343,0.8212657548940735,1,Hauts-de-Seine,"Hauts-de-Seine, France"
92-5,0.3056139193248711,1.1599437392557608,0.17885360051398705,2.3563527757036935,30.512771536230876,7.006546389067357,0.5365608015419612,7.346889162860963,31.25770546458525,18.677177933285872,0.6615846776294083,3,Hauts-de-Seine,"Hauts-de-Seine, France"
92-6,0.19898121617319325,0.7402101241642789,0.12575612862145813,2.0264247055078,47.00732250875517,4.267749124482649,0.4775549188156638,6.466093600764087,28.088188475007957,10.138490926456543,0.46322827125119387,3,Hauts-de-Seine,"Hauts-de-Seine, France"
92-7,0.24731378110634494,0.8257765233550839,0.1858346490799089,2.797300507202839,37.11383420195895,5.467450991351004,0.6567089102823849,7.250345820117649,33.18336151126884,11.809582361078121,0.46249074319887107,3,Hauts-de-Seine,"Hauts-de-Seine, France"
92-8,0.26590161640193133,0.9743894758939192,0.1399482191589112,2.659016164019313,32.88258344412567,6.838219858652299,0.6560072773073963,6.712266461409279,33.977678259044154,14.330697641872508,0.5632915821146176,3,Hauts-de-Seine,"Hauts-de-Seine, France"
92-9,0.12610340479192939,0.7102588828721905,0.1205400192864031,1.9045323047251688,44.03975966174617,4.823455233291299,0.47288776796973514,4.882798012016912,32.668199688450414,9.913952970847859,0.33751205400192863,3,Hauts-de-Seine,"Hauts-de-Seine, France"
92-10,0.251087787152415,1.0230657662856162,0.1668720076106112,2.6122487172689133,25.73883751033203,8.752202866455608,0.5832722509006409,6.637451069072535,36.321953806085375,17.340652828246597,0.5723553905896664,3,Hauts-de-Seine,"Hauts-de-Seine, France"
92-11,0.492628681131597,1.1283370159742094,0.15937986742492846,2.7239468250805956,15.892708371065309,10.109754772340349,0.6592530879849313,8.664469156373384,31.261998768428295,27.92951063136161,0.9780128228347883,1,Hauts-de-Seine,"Hauts-de-Seine, France"
92-12,0.40890747965517704,1.0591374063199668,0.20110203917467723,3.6546943919344677,24.03839708267975,8.13658850500744,0.6931316950220542,9.526873935835042,32.5637828634249,18.978669777044875,0.7387148239016478,3,Hauts-de-Seine,"Hauts-de-Seine, France"
92-13,0.2758925122772168,0.9587264801633284,0.1986426088395961,3.1134470010483914,26.77260939138112,7.824311648181868,0.6621420294653203,7.162169618716548,34.76797439717486,17.699884125144845,0.5642001876069084,3,Hauts-de-Seine,"Hauts-de-Seine, France"
93-1,0.6577373834011002,1.7412102367854578,0.21765127959818223,2.1956469744080365,10.349198756278403,9.791915809614924,0.5046639559913896,9.7225544128199,25.21167184883999,38.409471418320976,1.1982779239416408,1,Seine-Saint-Denis,"Seine-Saint-Denis, France"
93-2,0.7535881726924957,1.8350734892282912,0.23297954957287084,1.8609601058474992,7.70845917105301,9.152357120257717,0.4918457157649495,11.295193718181034,22.064026231771507,43.16161877642592,1.4438979492047057,1,Seine-Saint-Denis,"Seine-Saint-Denis, France"
93-3,0.5156491429803443,1.3223615652736354,0.1850587516619354,4.416256423155701,16.366021057170578,7.560458514499263,0.6881310862769054,14.134535915771318,28.508031190484743,25.291961622767616,1.0115347299579576,1,Seine-Saint-Denis,"Seine-Saint-Denis, France"
93-4,0.6254106538826564,1.7302216922590221,0.2092813861241574,2.5527462098167573,9.381159808239845,7.6047015306743235,0.518336456330762,15.107195872776385,20.66288662302582,40.44484462073832,1.1632151461319447,1,Seine-Saint-Denis,"Seine-Saint-Denis, France"
93-5,0.6771797455303793,1.7362982402699345,0.20385687841225952,3.029734986058064,11.146519202380674,6.4296928087728755,0.5693933500480353,16.423366215994566,22.370363427607376,36.244347072193456,1.1692480727323853,1,Seine-Saint-Denis,"Seine-Saint-Denis, France"
93-6,0.9161691473849286,1.4003906787355216,0.20909566126502874,1.8791096926844033,10.196164745371007,10.248438660687265,0.48697279005144856,10.47129061545657,24.08176740858943,39.12014746746637,0.9904531323080309,1,Seine-Saint-Denis,"Seine-Saint-Denis, France"
93-7,0.537478210342824,1.305563625798954,0.17250145264381175,1.8339628123184195,8.84115339918652,11.671993027309703,0.542925624636839,8.813916327716443,24.751234747239977,40.116574665891925,1.4126961069145845,1,Seine-Saint-Denis,"Seine-Saint-Denis, France"
93-8,0.4610328017117773,1.3014801579423378,0.24706064015176582,4.361061478393224,19.18911168464474,7.171376260119559,0.7191229347274612,15.825116361149712,25.517834689960956,24.300178677784395,0.9066243134140691,1,Seine-Saint-Denis,"Seine-Saint-Denis, France"
93-9,0.6468534916283747,1.3903405841402567,0.20904411619697477,2.666298538663301,13.031731319147259,10.213579979095588,0.6251602342871793,11.250912102865481,24.539018281499594,34.348314828327446,1.0787465241485397,1,Seine-Saint-Denis,"Seine-Saint-Denis, France"
93-10,0.5306148028995801,2.0200965134011573,0.17338987653805177,3.7435501054962503,14.677557500678937,7.792099270926904,0.5932858426121289,14.462386930999186,22.929244396164535,31.997743842570348,1.0800309177129248,1,Seine-Saint-Denis,"Seine-Saint-Denis, France"
93-11,0.5820130260058202,2.0185689870201857,0.20555221950205554,3.284216361032842,10.776479283107765,6.404452861564044,0.5843226015058431,16.2801976996628,22.81860594022819,35.89773199685898,1.1478590235114785,1,Seine-Saint-Denis,"Seine-Saint-Denis, France"
93-12,0.4144209916042172,1.7628996585858152,0.16963346288462777,4.294518047712096,18.812136308002835,6.585643426166499,0.6076743037512615,19.211526486440057,23.050825621094674,24.238259861287066,0.8524618324708509,0,Seine-Saint-Denis,"Seine-Saint-Denis, France"
94-1,0.32962322439507485,1.1248577298863316,0.17885385718297786,4.3516178144354285,27.608531772426943,6.780187131391068,0.6784621524544366,9.998078429633571,29.462108110505074,18.745657990037394,0.7420217876516931,3,Val-de-Marne,"Val-de-Marne, France"
94-2,0.7961783439490446,1.644736842105263,0.2011397921555481,4.029081461615823,13.901692926583975,8.345206168286959,0.5950385517934965,12.074673147837748,25.19485417365069,32.153033858531685,1.0643647334897754,1,Val-de-Marne,"Val-de-Marne, France"
94-3,0.42913752488084583,1.3896751337630795,0.16252442431657568,7.886999872171802,16.561056226146345,6.458976278738518,0.6354887602490824,16.855061083617905,23.288471722576286,25.410419824327533,0.9221891492120304,1,Val-de-Marne,"Val-de-Marne, France"
94-4,0.377030666319173,1.1814785857006342,0.16332203978802884,5.681522022413344,22.4741551559378,6.039440535140301,0.6793501867778646,14.84493093562679,27.78385891755712,19.958300755798803,0.8166101989401441,0,Val-de-Marne,"Val-de-Marne, France"
94-5,0.34384459399888323,1.0741470009110412,0.19396361712757515,3.917477297440268,24.627501689834546,6.679989420166338,0.6950362947071443,10.734122902401035,29.885091251065333,21.200811120580713,0.6480148117671262,3,Val-de-Marne,"Val-de-Marne, France"
94-6,0.2984301962635321,0.8085022153874263,0.17966715897498364,2.844222482756521,25.523394795742803,8.462627708330162,0.6044734077378686,7.084671955174566,33.518583370129576,19.99634575269881,0.6790809568037517,3,Val-de-Marne,"Val-de-Marne, France"
94-7,0.49394614782242036,1.1746280344557558,0.16264080477079695,4.784852318133446,17.958757504568,7.941288677388912,0.6545790414232074,12.137823022709474,29.6729112704054,24.082886573098005,0.9356866052245848,1,Val-de-Marne,"Val-de-Marne, France"
94-8,0.4181184668989547,1.0242281824811603,0.1717851065553845,4.177943440563974,25.76938659752046,7.553682845798558,0.6952434972854712,10.634470464305972,30.30548577911028,18.59330686330119,0.6563487561785917,3,Val-de-Marne,"Val-de-Marne, France"
94-9,0.6582960553070354,1.4513013420089467,0.19570963806425376,3.5685237901586007,13.727633184221228,9.788023586823911,0.6430459536396909,12.975294835298904,24.6517893452623,31.298291988613258,1.0420902806018708,1,Val-de-Marne,"Val-de-Marne, France"
94-10,0.5426135204602015,1.4789278283219778,0.18155114030435315,2.9558157561910976,11.566235567704295,9.314185467749175,0.6242095385745176,10.311696789196686,25.800660927746726,36.01444249520623,1.209660968544735,1,Val-de-Marne,"Val-de-Marne, France"
94-11,0.505539421318705,1.163816284823061,0.1355275895450145,3.114983327955254,13.03216091212219,9.697751962998817,0.6260083898031623,10.437775626546198,28.66300957298053,31.59083575346886,1.032591158438206,1,Val-de-Marne,"Val-de-Marne, France"
95-1,0.5085400726485818,1.1268258752608393,0.17466573923796275,5.410000772857253,19.11430558775794,5.881443697349099,0.8470515495787928,22.162454594636372,23.179534739933537,20.59664579952083,0.998531571218796,0,Val-d'Oise,"Val-d'Oise, France"
95-2,0.5168261189536362,1.354786913761959,0.19401886666220647,5.5044490533217365,19.052318190941325,6.594968890078276,0.7978189603264869,18.806449454740083,25.225797818960327,21.17649026560514,0.7760754666488259,0,Val-d'Oise,"Val-d'Oise, France"
95-3,0.3815665347845064,1.3249229122960167,0.18303929712909903,5.371499373442406,19.016374977120087,6.48803908592991,0.774397026315419,17.90828323219239,26.516762175633247,21.17905467243006,0.8560607127268631,0,Val-d'Oise,"Val-d'Oise, France"
95-4,0.5351090004989763,1.1872193258658958,0.19786988764431598,5.1859116639997245,20.605998038507202,6.982226122266384,0.7845971197026789,14.912507097506838,28.15774531564549,20.612880469381786,0.8379359589807119,0,Val-d'Oise,"Val-d'Oise, France"
95-5,0.7186066339166092,1.6808087369574927,0.1684868661442897,3.245909626080955,12.045795948195364,7.902643010839998,0.6374081442085177,15.090739312248791,23.973854086313995,33.52482643822825,1.0109211968657383,1,Val-d'Oise,"Val-d'Oise, France"
95-6,0.4004247984818677,1.2918052194501994,0.14101916816100557,3.7866258117307052,23.09754696286495,6.774143003882379,0.750361252807326,13.330663834676788,28.22820731558697,21.414021831856402,0.7851808005014015,0,Val-d'Oise,"Val-d'Oise, France"
95-7,0.42850218128938444,1.2428502181289385,0.17450315075133302,4.0581677169171115,24.68444013572467,6.268540959767329,0.6689287445467765,15.129423170140571,25.093553078041687,21.467765390208434,0.7833252544837614,0,Val-d'Oise,"Val-d'Oise, France"
95-8,0.5202312138728323,2.0726672171758875,0.21745114230663365,2.4938067712634187,15.408753096614369,7.679603633360858,0.495458298926507,14.836223506743737,21.896504266446463,33.24800440407377,1.1312964492155244,1,Val-d'Oise,"Val-d'Oise, France"
95-9,0.584969856145168,1.6733321395173004,0.15917547105990967,4.532521538430928,15.117690363914921,6.430689030820351,0.7341968602638334,22.66061799876639,21.580214488947252,25.452157822479553,1.0744344296543904,0,Val-d'Oise,"Val-d'Oise, France"
95-10,0.4914598775378666,1.4643087334837255,0.18329036416371255,4.268047051240735,13.623912342893973,8.187640992587818,0.6143248469223332,15.140589751853046,27.612391234289397,27.34450531743474,1.0695294875926524,1,Val-d'Oise,"Val-d'Oise, France"
ZA-1,2.0926933081106642,1.0956096791991803,0.425632537242847,1.6749428548908332,12.165996689524711,9.880192322850162,0.6345077638527626,13.127610940332623,32.66729723338851,23.9181839678411,2.3173327027666115,1,Guadeloupe,"Guadeloupe, France"
ZA-2,1.5987390227426255,1.2352430276321291,0.20909061665648018,1.8818155499083218,15.392286164634736,8.434393798050632,0.47286647151542444,15.044874063113198,29.30485411908515,24.527937723164023,1.8978994434972818,1,Guadeloupe,"Guadeloupe, France"
ZA-3,1.4156285390713477,1.2488989555807222,0.2611048194287152,1.8843588775638607,13.932930665659999,9.623128224487228,0.5914181452120297,12.778406946017364,31.694350069208504,24.64137410343526,1.9284006543349692,1,Guadeloupe,"Guadeloupe, France"
ZA-4,2.058933855707915,1.0544742216479808,0.29175176093027133,1.8046930354686783,16.68820072521152,12.407785604134538,0.641853874046597,12.874588421622974,26.90784812236903,23.14841828866753,2.1214520901929728,1,Guadeloupe,"Guadeloupe, France"
ZB-1,2.2967465635145405,1.2917040823375008,0.40063549077847627,2.1724114112039787,17.586516543482766,9.25260758444429,0.7391034054016716,11.6460592664226,24.538923810181668,26.95655177177592,3.1187400704565866,1,Martinique,"Martinique, France"
ZB-2,2.1179261267366996,1.1250423585225349,0.34903422568620807,2.016265672653338,18.102338190443916,8.813961369027448,0.8098949508641139,11.724839037614368,27.065401558793628,25.08641138597086,2.7888851236868857,1,Martinique,"Martinique, France"
ZB-3,1.9596148930731874,1.3589503280224928,0.3493226548521769,1.8999744398057425,15.178495356564712,13.240180625372751,0.8221862486154894,9.435971713385022,25.236431796881657,27.49424895629207,3.0246229871347023,1,Martinique,"Martinique, France"
ZB-4,1.8407377589109275,1.397936031618239,0.2634853253311864,2.4445582961282293,16.112859547683524,8.31808533996926,0.8197321232525799,10.619922418209764,25.166508087535682,30.15809119519871,2.858083876161897,1,Martinique,"Martinique, France"
ZC-1,1.8463682285316148,1.8812053649190037,0.3309527956801951,1.7592753875631424,15.008999593566742,5.690065609940196,0.9638274400510944,24.113104569471055,18.301108982175,24.531150206119722,5.573941821982233,2,Guyane,"Guyane, France"
ZC-2,1.497504159733777,1.622296173044925,0.4263727121464226,1.7574875207986687,14.03910149750416,5.7092346089850246,1.1127287853577372,24.625623960066555,19.54034941763727,25.041597337770384,4.6277038269550745,2,Guyane,"Guyane, France"
ZD-1,1.0752916224814422,1.8048780487804876,0.21420996818663837,2.786850477200424,19.32979851537646,7.461293743372216,0.5005302226935313,20.920466595970307,23.50795334040297,21.319194061505833,1.0795334040296924,0,La Réunion,"La Réunion, France"
ZD-2,1.5806465137730072,1.7777032409542575,0.2934887426103727,2.7105781728229426,16.52760890528699,5.538551842690033,0.5890738333822482,19.862898830237725,18.257096138526688,31.516498260031028,1.3458555196847093,1,La Réunion,"La Réunion, France"
ZD-3,1.769275587492717,1.9848514274616431,0.29326082734511555,3.5366090503010295,15.179646533307439,6.436201204117305,0.6195377743251117,28.962905418527868,15.894348417168382,23.90561274033793,1.4177510196154592,2,La Réunion,"La Réunion, France"
ZD-4,1.3558508083880263,1.6311829678245557,0.26092524411717627,2.7757323515287338,19.5581879302065,13.568112694093164,0.5202497198655355,21.916119737473988,14.653433648151113,22.490795581879304,1.2694093164719065,0,La Réunion,"La Réunion, France"
ZD-5,1.9363331737673528,1.555768310196266,0.23934897079942558,2.5921493537577787,16.20392532312111,6.914791766395405,0.45236955481091434,27.477261847774052,18.73863092388703,22.67592149353758,1.2134992819530876,2,La Réunion,"La Réunion, France"
ZD-6,1.4292767217970872,1.4070599851888421,0.2863490496173784,2.8412737595655395,15.843001727968403,6.104665514687731,0.5801036781041718,26.776104665514687,20.071587262404343,23.43125154282893,1.2293260923228833,2,La Réunion,"La Réunion, France"
ZD-7,1.3186702145575804,1.8003300885849978,0.29135370002357774,2.9084846239347906,17.326282461517735,5.995486543837785,0.596180403516454,20.123614806830815,22.23213984977601,26.231937754723972,1.1755195526962847,0,La Réunion,"La Réunion, France"
ZM-1,0.9704220671319375,1.429046194749086,0.511797939514789,2.9179129278830174,25.310734463276834,5.616483881688269,0.6713193752077102,26.148222000664674,25.031571950814225,9.511465603190429,1.8810235958790296,0,Mayotte,"Mayotte, France"
ZM-2,1.0395355266795687,1.0671827481338125,0.4755322090129942,3.2070776886922863,38.706110035941386,3.256842687309925,0.44788498755875034,28.056400331766657,14.365496267625103,7.508985346972629,1.8689521703068839,2,Mayotte,"Mayotte, France"
ZN-1,0.8286541172978454,2.656640364113093,0.234991466099389,3.218146288371633,34.32854280555075,6.238405026343781,0.865758032997749,26.175575729091943,14.32705864892275,9.901798303114255,1.2244292180968164,2,Nouvelle-Calédonie,"Nouvelle-Calédonie, France"
ZN-2,1.0769792987811433,2.2012511017003806,0.3117005954556203,2.622584320385219,28.34755691222941,12.044540940260969,0.7416324512564758,31.61718867559492,11.38674520088566,7.953739332315828,1.696081171134375,2,Nouvelle-Calédonie,"Nouvelle-Calédonie, France"
ZP-1,0.8976040875509218,1.463785127390734,0.2692812262652765,2.3510322447006833,36.13546917075192,3.0863771318097077,0.63522750811296,32.74873990195402,13.719533245874475,7.646896361251122,1.0460539943381897,2,Polynésie française,"Polynésie française, France"
ZP-2,0.9849010760152725,1.449149600833044,0.2776813606386671,2.1086428323498785,32.78809441166261,2.538181187087817,0.45557098229781323,34.311003123915306,16.678236723359944,7.384588684484554,1.023950017355085,2,Polynésie française,"Polynésie française, France"
ZP-3,0.8556421552016266,1.8976618095560827,0.24991528295493054,2.5415113520840396,36.66130125381227,3.0667570315147406,0.669264656048797,30.540494747543207,13.98254828871569,8.619959335818367,0.9149440867502542,2,Polynésie française,"Polynésie française, France"
ZS-1,1.0638297872340425,1.3677811550151975,0.34194528875379937,3.001519756838906,9.916413373860182,8.24468085106383,2.0516717325227964,18.161094224924014,17.97112462006079,35.4483282674772,2.43161094224924,1,Saint-Pierre-et-Miquelon,"Saint-Pierre-et-Miquelon, France"
ZW-1,1.0097232610321616,0.9349289454001496,0.3365744203440539,1.4771877337322363,28.534031413612563,25.224382946896036,0.5422587883320867,7.105459985041136,30.478683620044876,3.590127150336574,0.7666417352281227,3,Wallis et Futuna,"Wallis et Futuna, France"
ZX-1,0.44500953591862685,1.4240305149396058,0.22886204704386523,2.7463445645263826,32.015257469802926,3.1404958677685952,0.8645899554990464,23.318499682136046,19.987285441830895,14.659885568976478,1.1697393515575334,0,Saint-Martin/Saint-Barthélemy,"Saint-Martin/Saint-Barthélemy, France"
ZZ-1,0.17644629650486165,0.8647119920912015,0.1526698452027881,1.41407315638648,21.248639111011,7.0928908410606795,0.3491384164883433,5.994168512470123,45.16900051307079,17.076497603583988,0.4617637121297443,3,Français établis hors de France,"Français établis hors de France, France"
ZZ-2,0.21153925919780997,1.0120701812601103,0.1949479447509229,0.895930980131901,26.276494255257372,5.981168858102783,0.47285246173628104,6.968352067692562,37.97337094031275,19.382803102575803,0.630469948981708,3,Français établis hors de France,"Français établis hors de France, France"
ZZ-3,0.2232372840608579,0.807088642373871,0.15798330871999175,1.3565958031390597,22.04038877631624,7.722292818628293,0.3297042964591132,3.1476457052580966,50.26788474087303,13.406257512793212,0.5409211113782326,3,Français établis hors de France,"Français établis hors de France, France"
ZZ-4,0.2878228782287823,0.8324723247232472,0.22730627306273063,1.800738007380074,23.766789667896678,8.869372693726937,0.4885608856088561,6.614022140221403,38.77195571955719,17.56309963099631,0.777859778597786,3,Français établis hors de France,"Français établis hors de France, France"
ZZ-5,0.2905722258983285,0.7336229465749877,0.17261716389999712,1.9304352829483011,26.0191605051929,6.953594752438217,0.49195891711499184,9.790270145861504,35.00963779165108,17.834229983601368,0.7739002848183204,3,Français établis hors de France,"Français établis hors de France, France"
ZZ-6,0.24611458001002692,1.1880345775792656,0.2613068380353372,2.4277228324445863,30.752168694833117,5.85509624295459,0.5605943211339501,8.079242817860019,34.708232684623916,15.07223918691035,0.849247223614846,3,Français établis hors de France,"Français établis hors de France, France"
ZZ-7,0.21926157162234983,0.7451177137335786,0.17838229555716595,1.5422635970046639,17.828938811156327,8.835498076815876,0.42179980303621534,4.073062415221956,52.99626512068677,12.408718434695357,0.7506921604697401,3,Français établis hors de France,"Français établis hors de France, France"
ZZ-8,0.36051802590129506,0.6440322016100805,0.1785089254462723,1.5890794539726985,36.40882044102205,4.910745537276863,0.4410220511025551,7.227861393069654,36.42282114105706,11.172558627931396,0.6440322016100805,3,Français établis hors de France,"Français établis hors de France, France"
ZZ-9,0.23785649324907307,1.0983373364736608,0.18189025954340882,1.1426439381573117,25.856399972016884,6.31485670312245,0.4453979432409113,4.729146748128629,34.04379357787468,25.404006249562766,0.5456707786302264,3,Français établis hors de France,"Français établis hors de France, France"
ZZ-10,0.23450794836674554,1.1787656165691278,0.1722492010127423,1.510812269123812,38.104428672228444,4.862408168347653,0.5001452704104927,9.818204457726312,30.952973892831942,12.246295604532436,0.41920889885028845,3,Français établis hors de France,"Français établis hors de France, France"
ZZ-11,0.19170477464704355,1.893084649639555,0.14976935519300277,1.4178165624937595,29.64434770453502,5.982786508776485,0.5771112486770373,6.799528725762325,39.20362641532041,13.742836032509933,0.39738802244543403,3,Français établis hors de France,"Français établis hors de France, France"
